"date","days_min0_degrees","days_min32_degrees","days_max32_degrees","days_max70_degrees","days_max90_degrees","numD_fog","numD_thunder","min_temp_ext","max_snow_depth","max_daily_snowfall","max_daily_rain","max_temp_ext","total_rain","total_snowfall","avrg_temp","avg_max_temp","avg_min_temp"
Jul 1945,0,0,0,31,3,11,14,13.9,0,0,52.1,37.2,280.9,0,24.7,29,20.41
Aug 1945,0,0,0,30,4,7,4,13.3,0,0,17.3,34.4,66.7,0,23.79,28.79,18.78
Sep 1945,0,0,0,28,2,10,4,12.2,0,0,34,32.8,99.8,0,22.67,27.02,18.31
Oct 1945,0,0,0,14,0,9,1,3.3,0,0,11.7,27.2,34,0,14.25,19.91,8.6
Nov 1945,0,6,0,6,0,9,1,-3.9,0,0,41.1,25.6,107.7,0,9.61,14.42,4.79
Dec 1945,0,23,8,0,0,9,0,-10,178,102,35.8,13.9,119.6,262,0.51,3.64,-2.62
Jan 1946,0,20,5,0,0,11,0,-11.7,152,122,16,18.3,47.7,172,2.66,6.7,-1.38
Feb 1946,0,17,1,2,0,7,0,-7.2,102,112,23.6,22.2,58.9,115,4,8.67,-0.67
Mar 1946,0,2,0,11,0,11,0,-1.1,0,0,10.7,26.7,42.6,0,11.71,17.3,6.13
Apr 1946,0,0,0,9,0,6,1,1.7,0,0,31.8,31.7,49.1,0,13.29,18.99,7.59
May 1946,0,0,0,24,0,17,7,6.7,0,0,35.3,30.6,177.8,0,18.49,23.81,13.18
Jun 1946,0,0,0,29,5,4,5,11.1,0,0,14,35,35.8,0,22.44,27.8,17.07
Jul 1946,0,0,0,31,9,11,7,13.9,0,0,27.9,35.6,79.7,0,24.58,29.98,19.17
Aug 1946,0,0,0,31,3,12,7,11.7,0,0,65.8,32.8,146.1,0,22.51,27.13,17.88
Sep 1946,0,0,0,29,1,12,1,9.4,0,0,25.4,33.9,69.1,0,21.31,26.45,16.17
Oct 1946,0,0,0,18,0,16,2,5.6,0,0,22.1,28.9,70.3,0,16.33,21.83,10.84
Nov 1946,0,3,0,4,0,11,0,-0.6,0,0,22.4,25,33.8,0,11.1,15.74,6.46
Dec 1946,0,16,1,1,0,8,0,-6.7,25,30,24.4,23.9,43.9,55,5.26,10.22,0.3
Jan 1947,0,12,1,2,0,13,1,-11.1,76,97,24.6,22.8,96.8,105,5.4,9.81,0.98
Feb 1947,0,25,5,0,0,1,0,-13.9,203,193,20.1,13.9,32.3,261,-0.29,4.62,-5.2
Mar 1947,0,22,0,1,0,4,0,-4.4,51,48,5.3,21.1,25.9,86,4.47,9.19,-0.25
Apr 1947,0,0,0,13,0,11,2,2.2,0,0,16.3,30,63.1,0,13.97,20.11,7.83
May 1947,0,0,0,20,1,8,7,1.1,0,0,31.5,32.2,112.7,0,18.11,23.69,12.53
Jun 1947,0,0,0,28,2,8,8,10,0,0,88.1,33.9,174.3,0,22.03,26.63,17.43
Jul 1947,0,0,0,31,2,2,9,13.9,0,0,19.8,33.9,88.2,0,24.17,28.83,19.52
Aug 1947,0,0,0,31,11,12,7,16.7,0,0,15.2,35.6,46,0,26.08,30.62,21.55
Sep 1947,0,0,0,23,2,10,4,5,0,0,41.1,34.4,119.2,0,20.98,25.41,16.54
Oct 1947,0,0,0,23,0,15,1,3.3,0,0,30.5,29.4,31.3,0,18.05,23.14,12.97
Nov 1947,0,6,0,0,0,9,1,-3.9,0,0,36.1,18.9,106.8,0,7.86,11.7,4.01
Dec 1947,0,25,0,0,0,5,0,-5.6,76,91,14,16.1,34.8,91,2.54,6.85,-1.78
Jan 1948,0,28,11,0,0,8,0,-15,127,137,35.6,16.7,116.2,310,-1.76,2.04,-5.57
Feb 1948,0,20,7,3,0,9,0,-11.1,102,107,18.3,27.8,42.7,196,2.65,7.64,-2.34
Mar 1948,0,11,0,7,0,12,1,-7.8,0,0,20.1,30,93,0,8.89,14.52,3.26
Apr 1948,0,0,0,9,0,6,3,1.7,0,0,42.4,28.9,77.6,0,13.29,18.73,7.85
May 1948,0,0,0,21,1,16,9,7.2,0,0,63.5,32.2,225.2,0,18.13,23.18,13.08
Jun 1948,0,0,0,30,6,5,7,11.1,0,0,41.4,35,138.2,0,23.3,28.59,18.02
Jul 1948,0,0,0,31,9,5,11,15.6,0,0,37.1,35,109.5,0,25.55,30.38,20.71
Aug 1948,0,0,0,31,6,12,9,13.9,0,0,72.1,37.2,228.5,0,24.33,29.33,19.33
Sep 1948,0,0,0,26,3,6,3,9.4,0,0,22.1,32.2,81.1,0,20.79,26.02,15.55
Oct 1948,0,0,0,7,0,11,0,1.1,0,0,46.7,26.1,78.7,0,13.4,18.1,8.71
Nov 1948,0,0,0,5,0,16,0,0.6,0,0,42.7,25.6,152.5,0,10.79,15.81,5.77
Dec 1948,0,12,1,0,0,10,0,-10,51,112,24.6,20,119.1,112,4.51,8.82,0.2
Jan 1949,0,9,1,1,0,14,0,-6.1,51,145,36.6,22.8,129.1,188,5.9,10.3,1.49
Feb 1949,0,12,0,1,0,7,1,-5,51,53,13,25,68.2,102,6.59,11.39,1.79
Mar 1949,0,12,0,5,0,7,2,-5,0,0,18.8,28.3,86.9,0,8.14,13.06,3.23
Apr 1949,0,0,0,8,0,7,2,1.7,0,0,13,30,49.2,0,12.81,18.08,7.55
May 1949,0,0,0,24,2,8,7,6.1,0,0,48.8,32.8,160.8,0,18.86,24.55,13.17
Jun 1949,0,0,0,30,4,5,2,11.7,0,0,15.2,35.6,61.4,0,23.97,28.58,19.35
Jul 1949,0,0,0,31,14,9,5,17.8,0,0,39.9,35.6,107.2,0,27.21,31.75,22.67
Aug 1949,0,0,0,31,6,4,1,14.4,0,0,29,36.1,104,0,25.33,29.74,20.93
Sep 1949,0,0,0,23,0,6,3,8.3,0,0,27.2,31.1,88.9,0,19.5,24.52,14.48
Oct 1949,0,0,0,18,0,12,0,4.4,0,0,37.3,30,83.1,0,17.41,22.05,12.78
Nov 1949,0,7,0,4,0,4,0,-2.2,0,0,8.1,25.6,23.9,0,8.95,13.91,3.98
Dec 1949,0,13,0,0,0,9,0,-6.1,0,0,12.7,18.9,50.5,0,5.5,9.77,1.24
Jan 1950,0,9,0,6,0,9,0,-5.6,0,8,14.5,26.1,48.8,8,8.85,13.87,3.83
Feb 1950,0,12,1,0,0,10,0,-7.2,0,0,14.5,12.8,69.1,0,3.69,7.65,-0.26
Mar 1950,0,18,1,2,0,9,0,-9.4,76,76,33.3,26.1,106,79,5.38,10.51,0.25
Apr 1950,0,5,0,9,0,7,3,-4.4,0,0,20.6,26.7,47.2,0,11.32,16.9,5.74
May 1950,0,0,0,21,1,16,8,6.7,0,0,32.3,33.9,146.5,0,18.07,22.85,13.29
Jun 1950,0,0,0,30,4,6,2,11.7,0,0,27.9,35.6,79.6,0,23.29,28.41,18.17
Jul 1950,0,0,0,31,5,2,8,16.7,0,0,34.5,33.3,129.6,0,24.53,29.07,19.99
Aug 1950,0,0,0,31,2,6,6,14.4,0,0,95,33.3,185.9,0,24.21,28.8,19.62
Sep 1950,0,0,0,22,1,15,3,6.7,0,0,70.9,32.2,171.2,0,19.37,23.37,15.37
Oct 1950,0,0,0,15,0,15,1,3.9,0,0,45.5,30.6,91.2,0,16.13,21.42,10.85
Nov 1950,0,9,1,7,0,2,2,-8.3,51,41,45.2,29.4,72.9,41,8.84,14.29,3.39
Dec 1950,0,23,4,1,0,7,0,-9.4,25,71,39.4,21.1,69.1,96,1.97,5.84,-1.9
Jan 1951,0,20,3,2,0,9,0,-7.8,25,13,11.9,21.7,55.4,21,4.05,8.9,-0.81
Feb 1951,0,16,4,2,0,8,0,-11.7,25,76,32.8,22.2,67.4,76,3.62,8.53,-1.29
Mar 1951,0,9,0,3,0,10,1,-2.8,0,25,26.4,21.7,74.1,25,7.52,12.43,2.6
Apr 1951,0,0,0,9,0,4,3,1.7,0,0,26.2,30,88.6,0,13.26,18.93,7.59
May 1951,0,0,0,23,0,6,3,8.3,0,0,31.2,31.7,69.5,0,18.29,24.01,12.57
Jun 1951,0,0,0,28,7,15,8,12.8,0,0,56.6,35.6,169.9,0,22.97,27.87,18.08
Jul 1951,0,0,0,31,11,10,8,16.1,0,0,73.7,35,133.5,0,25.92,31.07,20.77
Aug 1951,0,0,0,31,7,12,4,13.9,0,0,20.8,34.4,44.5,0,24.86,29.64,20.08
Sep 1951,0,0,0,28,2,8,2,6.7,0,0,30.7,32.2,67.9,0,21.29,26.4,16.18
Oct 1951,0,0,0,16,1,4,1,6.1,0,0,20.8,34.4,42.4,0,16.7,21.53,11.87
Nov 1951,0,14,0,3,0,11,0,-3.9,0,0,32.5,23.3,121.8,0,6.7,11.39,2
Dec 1951,0,17,3,2,0,17,0,-10.6,76,86,31.5,22.8,115.4,122,4.92,9.07,0.77
Jan 1952,0,14,2,1,0,12,0,-9.4,25,36,18.8,23.3,113.8,41,4.82,8.74,0.9
Feb 1952,0,14,0,0,0,4,0,-3.9,0,0,20.8,15.6,44.9,0,5.03,9.17,0.9
Mar 1952,0,10,0,3,0,14,2,-3.9,0,64,20.1,28.3,95.5,97,6.28,10.97,1.6
Apr 1952,0,0,0,11,0,10,2,2.2,0,0,35.6,31.1,151.7,0,13.87,19.15,8.6
May 1952,0,0,0,22,0,10,7,7.2,0,0,40.6,30,120.2,0,17.89,22.98,12.79
Jun 1952,0,0,0,29,13,9,8,12.2,0,0,27.9,38.3,77.7,0,24.92,30.39,19.45
Jul 1952,0,0,0,31,16,3,7,13.3,0,0,69.1,37.2,113.2,0,26.96,32.03,21.9
Aug 1952,0,0,0,31,2,15,11,12.2,0,0,28.7,32.2,132.2,0,24.53,29.23,19.83
Sep 1952,0,0,0,29,4,14,2,8.9,0,0,71.6,33.9,103.1,0,20.49,25.98,15
Oct 1952,0,2,0,12,0,10,1,-1.1,0,0,10.4,30,16.8,0,12.93,19.16,6.69
Nov 1952,0,4,0,0,0,17,2,-4.4,51,23,64,20.6,160.8,43,9.02,13.63,4.41
Dec 1952,0,15,1,0,0,11,0,-7.2,51,46,17.8,15.6,75.1,51,3.79,7.47,0.11
Jan 1953,0,16,0,1,0,16,0,-3.9,0,33,23.1,22.8,105,33,4.83,8.94,0.73
Feb 1953,0,12,0,1,0,5,0,-5,0,5,21.3,23.9,59.6,5,5.88,10.75,1
Mar 1953,0,6,0,1,0,14,2,-5.6,51,51,36.8,21.1,188.9,79,8.59,13.26,3.93
Apr 1953,0,0,0,9,0,13,3,0.6,0,0,23.1,31.1,120.9,0,13.39,18.67,8.11
May 1953,0,0,0,30,3,21,15,10,0,0,82.3,33.3,271.5,0,21.12,26.25,15.99
Jun 1953,0,0,0,28,10,15,5,11.7,0,0,31.2,33.9,75.8,0,23.64,28.61,18.67
Jul 1953,0,0,0,31,16,7,5,16.7,0,0,36.3,37.2,69.1,0,26.43,31.76,21.1
Aug 1953,0,0,0,31,10,6,3,14.4,0,0,66.5,37.8,88.5,0,24.62,29.93,19.3
Sep 1953,0,0,0,26,5,2,2,7.8,0,0,75.4,37.8,103.4,0,20.95,26.55,15.35
Oct 1953,0,0,0,16,0,16,2,3.9,0,0,50.5,28.3,94.7,0,15.84,21.62,10.06
Nov 1953,0,6,0,8,0,14,0,-1.7,102,165,16,24.4,38.2,171,8.96,14.67,3.24
Dec 1953,0,13,2,0,0,14,0,-8.3,0,0,26.2,18.9,84.4,0,4.94,9.57,0.31
Jan 1954,0,25,5,1,0,8,0,-10.6,152,163,21.1,22.2,58.6,288,2.15,6.7,-2.4
Feb 1954,0,15,2,2,0,7,0,-7.2,0,0,12.7,24.4,21.6,0,6.38,11.74,1.02
Mar 1954,0,12,0,2,0,9,0,-4.4,0,0,23.4,23.9,88.1,0,6.93,12,1.85
Apr 1954,0,1,0,20,0,12,4,-2.2,0,0,41.7,28.9,83.9,0,15.34,21.63,9.06
May 1954,0,0,0,16,0,9,5,4.4,0,0,34,30.6,75.8,0,17,21.99,12
Jun 1954,0,0,0,30,7,4,5,12.2,0,0,18.8,37.8,31.5,0,23.53,29.12,17.95
Aug 1954,0,0,0,31,5,14,5,14.4,0,0,23.4,34.4,80.3,0,23.99,28.58,19.39
Sep 1954,0,0,0,30,6,7,3,10,0,0,5.6,37.2,16,0,22.92,28.69,17.14
Oct 1954,0,0,0,15,1,12,2,1.1,0,0,43.9,34.4,103.2,0,16.67,21.96,11.38
Nov 1954,0,8,0,0,0,13,0,-1.1,0,0,13.5,20,45.1,0,7.31,11.58,3.03
Dec 1954,0,20,4,0,0,7,0,-7.8,0,3,21.1,17.2,71.6,3,2.81,6.69,-1.08
Jan 1955,0,24,3,0,0,4,0,-11.1,25,36,2.8,17.2,8.1,59,1.89,5.59,-1.81
Feb 1955,0,18,4,0,0,13,0,-12.2,51,64,22.1,19.4,79.5,107,3.19,8.32,-1.93
Mar 1955,0,6,0,3,0,10,2,-5,0,0,20.1,26.1,94.1,0,8.4,13.49,3.31
Apr 1955,0,0,0,15,0,13,4,1.7,0,0,24.6,27.8,65.4,0,14.57,20.02,9.12
May 1955,0,0,0,27,0,8,6,7.2,0,0,21.8,31.7,86.1,0,19.5,24.73,14.27
Jun 1955,0,0,0,27,2,7,5,11.1,0,0,34.5,32.8,70.1,0,21.21,26.2,16.22
Jul 1955,0,0,0,31,18,9,8,17.8,0,0,32.3,36.7,59,0,27.82,32.6,23.05
Aug 1955,0,0,0,31,11,11,7,16.7,0,0,138.2,36.7,363.5,0,25.71,29.82,21.61
Sep 1955,0,0,0,27,0,16,0,10.6,0,0,4.8,30.6,16.5,0,21.04,24.96,17.11
Oct 1955,0,0,0,19,0,12,4,3.9,0,0,83.1,28.3,164.1,0,15.3,21.09,9.52
Nov 1955,0,8,0,5,0,10,0,-8.9,51,58,18.3,25,41.4,58,7.49,12.7,2.28
Dec 1955,0,27,4,0,0,8,0,-9.4,0,8,2,17.8,5.6,13,0.86,4.67,-2.94
Jan 1956,0,25,3,0,0,13,0,-6.7,76,61,11.9,17.2,50.5,115,1.39,4.74,-1.96
Feb 1956,0,12,0,0,0,15,0,-6.7,0,0,25.1,19.4,71.7,0,5.05,9.35,0.75
Mar 1956,0,12,0,1,0,12,2,-4.4,51,51,30.2,22.8,89.8,102,6.19,11.05,1.33
Apr 1956,0,2,0,7,0,9,1,-0.6,0,0,14.5,30.6,52.3,0,11.99,17.35,6.63
May 1956,0,0,0,20,3,15,4,4.4,0,0,24.9,33.9,55.2,0,17.53,23.38,11.67
Jun 1956,0,0,0,27,9,11,3,11.1,0,0,24.4,35,67.6,0,22.92,28.05,17.78
Jul 1956,0,0,0,31,5,14,7,14.4,0,0,38.9,34.4,149.5,0,24.19,28.69,19.69
Aug 1956,0,0,0,30,5,13,3,12.8,0,0,24.9,33.9,49.4,0,23.85,28.48,19.22
Sep 1956,0,0,0,21,1,14,6,5,0,0,43.2,33.9,94.1,0,19.23,23.91,14.56
Oct 1956,0,0,0,11,0,18,0,3.9,0,0,18.3,25.6,66.6,0,15.02,19.18,10.85
Nov 1956,0,11,1,3,0,9,1,-6.7,0,0,37.1,22.2,71.5,0,7.84,12.33,3.35
Dec 1956,0,9,1,1,0,17,0,-4.4,0,5,20.8,22.2,76.7,5,6.75,11.2,2.3
Jan 1957,0,24,7,0,0,16,0,-13.3,76,56,12.2,17.8,66.3,257,0.5,4.5,-3.5
Feb 1957,0,13,0,0,0,14,0,-4.4,0,25,21.8,20,69.8,40,5.2,9.28,1.13
Mar 1957,0,6,0,1,0,11,1,-2.2,0,33,14,22.8,56.9,56,7.67,12.04,3.3
Apr 1957,0,0,0,17,2,14,2,0.6,0,3,29,33.3,69.6,3,15.11,20.82,9.4
May 1957,0,0,0,24,4,7,3,4.4,0,0,22.9,33.3,35.6,0,19.54,25.18,13.9
Jun 1957,0,0,0,28,12,7,7,11.7,0,0,40.1,36.1,76.7,0,24.75,29.84,19.66
Jul 1957,0,0,0,31,16,1,4,15,0,0,17.8,38.3,26.7,0,26.18,31.91,20.45
Aug 1957,0,0,0,30,9,6,3,14.4,0,0,43.4,36.7,62,0,24.24,29.55,18.93
Sep 1957,0,0,0,26,3,13,4,7.2,0,0,31.8,34.4,90.7,0,22.15,26.46,17.85
Oct 1957,0,0,0,4,0,14,0,1.7,0,0,37.3,23.3,63.1,0,12.99,17.51,8.48
Nov 1957,0,4,0,2,0,15,1,-3.3,0,8,14.5,23.3,72.9,8,9.75,13.97,5.53
Dec 1957,0,12,1,0,0,11,0,-10.6,203,282,39.6,17.8,142.8,305,5.2,9.33,1.07
Jan 1958,0,21,3,0,0,9,0,-7.8,0,5,29.5,12.8,63.8,8,1.32,4.85,-2.22
Feb 1958,0,21,9,0,0,8,1,-15,356,328,35.1,16.7,105.3,437,-0.44,3.13,-4.01
Mar 1958,0,6,0,0,0,11,1,-0.6,102,79,53.8,14.4,148.7,270,5.2,8.52,1.89
Apr 1958,0,0,0,13,0,5,5,2.2,0,0,22.6,29.4,125,0,13.92,19.02,8.82
May 1958,0,0,0,27,0,13,4,7.2,0,0,15.7,31.7,70.4,0,18.45,23.57,13.33
Jun 1958,0,0,0,28,4,6,6,12.8,0,0,30.5,34.4,81.7,0,21.82,26.92,16.72
Jul 1958,0,0,0,31,13,10,10,18.3,0,0,54.9,35,181.5,0,26.17,30.77,21.57
Aug 1958,0,0,0,31,4,15,5,15.6,0,0,79.2,33.3,164.8,0,24.1,28.55,19.66
Sep 1958,0,0,0,27,2,11,2,8.9,0,0,23.9,33.9,65.4,0,20.6,25.8,15.39
Oct 1958,0,0,0,10,0,12,0,5,0,0,31.5,30.6,59.8,0,15.06,19.98,10.15
Nov 1958,0,3,1,2,0,8,0,-7.8,0,0,23.4,24.4,51.8,0,9.9,14.44,5.37
Dec 1958,0,25,7,0,0,9,0,-9.4,25,23,27.9,15,41.1,23,0.48,4.4,-3.44
Jan 1959,0,24,6,1,0,12,0,-11.7,25,56,22.4,21.1,56.2,102,1.6,6.52,-3.32
Feb 1959,0,18,2,0,0,13,0,-10.6,0,0,12.4,20,38.4,0,3.91,9.2,-1.39
Mar 1959,0,10,0,5,0,9,1,-2.8,0,0,16,26.1,55.9,0,7.45,13.24,1.66
Apr 1959,0,0,0,16,1,11,6,1.1,0,0,28.7,32.2,101.8,0,14.68,20.71,8.64
May 1959,0,0,0,26,4,6,6,8.3,0,0,39.9,32.8,73.5,0,20.97,26.2,15.74
Jun 1959,0,0,0,29,10,3,5,11.1,0,0,70.1,37.8,135.8,0,24.41,29.78,19.04
Jul 1959,0,0,0,31,6,10,8,17.8,0,0,26.4,34.4,111.3,0,25.84,30.29,21.38
Aug 1959,0,0,0,31,16,7,4,16.1,0,0,44.7,35.6,72.9,0,26.8,31.15,22.45
Sep 1959,0,0,0,26,4,10,4,8.9,0,0,20.8,33.3,52.1,0,22.85,27.81,17.89
Oct 1959,0,0,0,15,1,13,2,2.8,0,0,17.8,32.2,62,0,16.8,21.08,12.53
Nov 1959,0,9,0,2,0,12,0,-6.1,0,0,17.3,25,56.4,0,8.21,13.14,3.28
Dec 1959,0,12,1,0,0,15,0,-7.8,0,0,34.5,17.2,82.9,0,5.55,9.61,1.5
Jan 1960,0,13,1,0,0,14,0,-6.7,0,0,23.1,13.9,67.4,0,3.42,6.79,0.05
Feb 1960,0,19,1,0,0,14,0,-6.7,102,124,27.9,20,84.6,182,3.49,7.48,-0.5
Mar 1960,0,24,7,2,0,5,0,-9.4,203,180,22.1,26.7,52.7,433,1.98,6.05,-2.09
Apr 1960,0,0,0,18,5,4,0,0.6,0,0,28.7,35,80.1,0,16.23,22.67,9.8
May 1960,0,0,0,20,0,11,6,5.6,0,0,36.6,30.6,110.7,0,17.59,22.66,12.53
Jun 1960,0,0,0,30,2,7,4,13.3,0,0,34.5,33.3,64,0,23.41,28.52,18.3
Jul 1960,0,0,0,31,5,9,4,16.1,0,0,38.9,34.4,117.2,0,25,29.93,20.07
Aug 1960,0,0,0,31,9,11,9,16.1,0,0,25.7,34.4,105.1,0,25.82,30.49,21.15
Sep 1960,0,0,0,29,2,16,4,10.6,0,0,55.4,33.3,106.1,0,21.82,26.22,17.41
Oct 1960,0,0,0,15,0,12,0,1.1,0,0,36.6,27.8,64.7,0,14.82,19.51,10.14
Nov 1960,0,7,0,1,0,10,0,-2.2,0,0,8.9,22.2,25.1,0,9.13,14.5,3.76
Dec 1960,0,28,9,0,0,4,0,-12.2,203,173,24.9,19.4,61.8,221,-0.57,4.05,-5.19
Jan 1961,0,27,10,0,0,9,0,-15,229,178,26.7,11.7,79.2,346,-1.22,2.86,-5.3
Feb 1961,0,13,2,2,0,17,1,-15.6,330,178,41.4,21.1,145.1,458,3.49,7.74,-0.75
Mar 1961,0,5,0,5,0,14,0,-4.4,0,0,24.6,27.2,106.1,0,8.65,13.8,3.5
Apr 1961,0,1,0,6,0,10,2,0,0,0,29.5,31.1,82.5,0,11.09,16.31,5.87
May 1961,0,0,0,17,0,10,4,5.6,0,0,14.5,30.6,65.4,0,16.8,22.08,11.51
Jun 1961,0,0,0,29,4,14,5,12.2,0,0,34,33.3,122.9,0,22.88,27.98,17.78
Jul 1961,0,0,0,31,15,12,9,13.9,0,0,29,34.4,100.4,0,25.88,30.78,20.97
Aug 1961,0,0,0,31,6,10,6,14.4,0,0,61,34.4,160.4,0,25.3,29.66,20.95
Sep 1961,0,0,0,29,11,7,2,8.3,0,0,11.4,35,26,0,23.79,28.63,18.94
Oct 1961,0,0,0,17,0,14,0,1.7,0,0,37.8,27.8,60.1,0,15.3,21.19,9.41
Nov 1961,0,4,0,4,0,12,0,-1.7,25,20,13,27.2,44.4,33,10.09,14.13,6.04
Dec 1961,0,19,1,0,0,13,0,-7.2,0,15,15.5,16.1,73.2,31,2.41,6.16,-1.35
Jan 1962,0,24,6,0,0,10,1,-12.8,25,43,24.1,16.7,40.4,51,1.42,5.84,-3
Feb 1962,0,21,4,0,0,19,0,-11.7,51,56,26.9,17.8,92.7,166,1.42,5,-2.16
Mar 1962,0,9,1,3,0,8,2,-8.9,51,79,25.4,26.1,97.3,102,6.75,11.38,2.13
Apr 1962,0,1,0,11,0,8,4,0,0,0,16.5,30.6,73.7,0,13.46,18.83,8.09
May 1962,0,0,0,23,5,13,6,6.7,0,0,32.3,35,88,0,20.35,25.68,15.03
Jun 1962,0,0,0,30,2,12,5,16.1,0,0,16.3,34.4,62,0,23.2,27.69,18.71
Jul 1962,0,0,0,31,6,15,3,15,0,0,21.8,35,41.3,0,24.03,28.96,19.11
Aug 1962,0,0,0,31,6,9,3,15,0,0,7.1,37.2,14,0,24.85,30.05,19.65
Sep 1962,0,0,0,21,2,9,0,6.7,0,0,19.3,34.4,67.1,0,19.4,24.21,14.58
Oct 1962,0,1,0,21,0,9,1,-1.1,0,0,42.7,31.7,49.1,0,15.7,20.82,10.59
Nov 1962,0,2,0,0,0,10,0,-1.7,0,0,30.5,17.8,130.1,0,7.14,11.46,2.82
Dec 1962,0,25,7,0,0,8,0,-11.7,178,137,27.7,17.8,84.7,412,0.65,4.63,-3.33
Jan 1963,0,27,5,0,0,12,1,-16.1,127,36,12.4,15,47.3,54,-0.36,3.98,-4.7
Feb 1963,0,26,6,0,0,8,0,-12.8,51,36,19.6,12.8,49.4,51,-0.56,4.1,-5.21
Mar 1963,0,6,0,7,0,15,3,-2.8,0,25,28.2,30,137.9,28,9.17,14.96,3.38
Apr 1963,0,0,0,12,0,9,3,3.3,0,0,8.6,31.7,25.1,0,14.31,20.49,8.13
May 1963,0,0,0,23,2,9,2,5,0,0,11.4,35.6,26.9,0,18.27,24,12.54
Jun 1963,0,0,0,27,7,10,7,12.2,0,0,52.1,35.6,174.6,0,23.15,28.43,17.87
Jul 1963,0,0,0,31,13,5,2,13.3,0,0,17.3,35.6,49.5,0,25.33,30.84,19.82
Aug 1963,0,0,0,31,5,6,2,10.6,0,0,122.7,34.4,183.4,0,24.09,29.73,18.44
Sep 1963,0,0,0,22,1,10,0,3.9,0,0,48.8,33.3,91.7,0,19.15,24.78,13.52
Oct 1963,0,0,0,24,0,13,1,4.4,0,0,0,28.9,0,0,16.18,23.48,8.87
Nov 1963,0,2,0,2,0,16,0,-1.1,0,0,65.5,22.8,170.1,0,9.89,15.02,4.76
Dec 1963,0,28,6,0,0,8,0,-12.2,127,142,16.3,11.7,43.8,162,-0.5,3.63,-4.63
Jan 1964,0,23,4,0,0,11,0,-13.9,203,109,29,18.3,101.2,226,2.35,7.85,-3.14
Feb 1964,0,23,1,0,0,10,0,-7.2,178,206,21.3,17.8,85.9,299,2.68,7.22,-1.86
Mar 1964,0,6,0,6,0,9,0,-5,51,122,24.1,26.7,64.2,157,8.6,14.72,2.47
Apr 1964,0,4,0,8,0,17,5,-1.1,25,10,23.6,31.7,111,10,12.24,17.94,6.54
May 1964,0,0,0,27,6,5,2,6.7,0,0,29.7,34.4,37.1,0,20.05,26.41,13.7
Jun 1964,0,0,0,28,13,7,8,11.1,0,0,12.7,37.8,33.1,0,24.43,30.61,18.25
Jul 1964,0,0,0,31,16,7,2,16.1,0,0,18,35.6,47.5,0,26.14,31.35,20.93
Aug 1964,0,0,0,31,9,5,2,11.7,0,0,31.8,34.4,48.1,0,24.16,29.59,18.73
Sep 1964,0,0,0,26,5,7,0,8.3,0,0,29.7,34.4,77.8,0,21.05,26.94,15.17
Oct 1964,0,1,0,9,0,13,0,0,0,0,16.5,26.1,34,0,12.78,18.65,6.92
Nov 1964,0,5,0,5,0,9,0,-5.6,0,5,25.4,25,36.2,5,10.53,16.87,4.19
Dec 1964,0,16,0,1,0,14,0,-9.4,25,13,25.1,22.2,72.9,13,4.4,8.96,-0.17
Jan 1965,0,27,6,0,0,12,0,-12.8,102,97,20.6,16.7,69.4,232,0.76,5.37,-3.85
Feb 1965,0,19,1,0,0,9,0,-11.1,51,48,30.5,20,48.1,48,2.65,8.43,-3.13
Mar 1965,0,15,0,1,0,9,0,-7.2,51,74,38.6,22.8,111,137,5.24,10.13,0.35
Apr 1965,0,4,0,7,0,15,0,-1.1,0,0,12.2,28.3,42,0,10.98,16.4,5.56
May 1965,0,0,0,29,5,10,2,9.4,0,0,20.3,35,43.8,0,20.62,27.14,14.1
Jun 1965,0,0,0,27,10,4,3,10.6,0,0,20.6,35,47.9,0,22.56,28.21,16.9
Jul 1965,0,0,0,31,14,9,8,14.4,0,0,36.8,36.1,75.6,0,25.66,31.11,20.21
Aug 1965,0,0,0,31,14,10,9,11.1,0,0,33.5,35.6,112.8,0,25.13,30.52,19.74
Sep 1965,0,0,0,29,5,14,1,8.9,0,0,20.8,33.3,53.9,0,22.55,27.74,17.35
Oct 1965,0,2,0,14,0,10,2,-1.1,0,0,40.6,25.6,58.8,0,14.13,20.1,8.17
Nov 1965,0,5,0,3,0,7,0,-3.3,0,0,4.6,23.9,9.4,0,9.71,14.93,4.5
Dec 1965,0,17,0,1,0,7,1,-6.7,0,5,8.1,21.1,12,5,5.24,10.25,0.23
Jan 1966,0,25,5,0,0,7,0,-12.8,406,305,24.9,20,100.3,541,0.21,4.27,-3.84
Feb 1966,0,18,1,0,0,11,1,-12.2,229,132,29.5,16.7,90.7,175,2.33,6.8,-2.14
Mar 1966,0,10,0,3,0,6,0,-4.4,0,0,21.8,27.8,36.6,0,8.6,14.69,2.51
Apr 1966,0,0,0,6,0,11,0,1.7,0,0,22.9,30,84.6,0,11.52,16.57,6.47
May 1966,0,0,0,24,1,9,4,2.2,0,0,26.2,33.3,69.8,0,18.33,24.4,12.27
Jun 1966,0,0,0,29,15,10,5,8.3,0,0,26.2,36.1,51.4,0,24.44,30.72,18.15
Jul 1966,0,0,0,31,20,3,4,15.6,0,0,9.7,38.3,23.6,0,27.16,32.79,21.53
Aug 1966,0,0,0,31,19,7,3,16.7,0,0,30.7,34.4,42.4,0,25.92,31.37,20.48
Sep 1966,0,0,0,23,4,12,1,9.4,0,0,103.4,34.4,174.5,0,20.32,25.17,15.46
Oct 1966,0,0,0,15,0,12,0,1.7,0,0,60.7,26.1,119.9,0,13.87,19.85,7.88
Nov 1966,0,7,0,3,0,5,0,-2.2,0,0,22.9,22.8,38.2,0,9.72,15.32,4.12
Dec 1966,0,20,3,1,0,7,0,-8.9,178,170,25.4,22.2,83.3,409,3.07,6.91,-0.78
Jan 1967,0,17,1,3,0,12,1,-8.3,25,33,25.1,21.7,34.2,33,4.98,9.75,0.21
Feb 1967,0,23,4,1,0,4,0,-11.7,254,221,25.1,21.7,59,482,1.09,6.11,-3.93
Mar 1967,0,10,0,4,0,12,1,-7.8,0,18,22.9,25.6,88.7,18,7.18,12.86,1.5
Apr 1967,0,1,0,14,0,6,2,0,0,0,7.1,31.1,20.3,0,14.2,20.78,7.62
May 1967,0,0,0,15,0,10,3,5.6,0,0,32.3,30,108.5,0,15.54,21.49,9.58
Jun 1967,0,0,0,30,10,4,2,9.4,0,0,22.9,35,38.4,0,23.71,29.87,17.55
Jul 1967,0,0,0,31,7,13,9,15,0,0,72.4,33.9,133.3,0,25.11,30.04,20.17
Aug 1967,0,0,0,31,6,19,5,15.6,0,0,88.1,34.4,232.9,0,24.53,29.46,19.6
Sep 1967,0,0,0,28,0,11,1,8.3,0,0,3.8,30.6,5.1,0,19.96,25.87,14.04
Oct 1967,0,0,0,14,1,11,0,1.7,0,0,17.5,32.8,44.9,0,14.39,20.44,8.33
Nov 1967,0,9,0,1,0,8,0,-6.1,0,175,26.4,24.4,53.3,175,7.24,12.22,2.25
Dec 1967,0,17,0,0,0,13,0,-8.9,152,107,34.8,17.8,150.5,161,4.34,8.93,-0.24
Jan 1968,0,27,7,0,0,6,0,-13.9,76,33,22.9,14.4,50.1,71,-0.35,4.59,-5.28
Feb 1968,0,22,4,0,0,3,0,-12.8,25,41,9.9,11.7,20.3,61,1.27,6.63,-4.1
Mar 1968,0,10,0,9,0,8,1,-7.2,76,51,39.6,29.4,93,76,9.8,16.37,3.22
Apr 1968,0,0,0,11,0,2,2,2.8,0,0,22.1,30,38.8,0,14.41,20.9,7.92
May 1968,0,0,0,23,0,10,4,5.6,0,0,32.5,29.4,107.6,0,17.61,23.36,11.85
Jun 1968,0,0,0,30,7,10,10,12.2,0,0,56.6,35.6,188.1,0,23.38,29.02,17.74
Jul 1968,0,0,0,31,12,6,4,16.7,0,0,17.3,36.1,33.3,0,26.6,31.55,21.65
Aug 1968,0,0,0,31,17,7,8,12.8,0,0,31,36.7,100.3,0,26.22,31.45,21
Sep 1968,0,0,0,30,4,10,1,10,0,0,42.9,33.3,75.5,0,22.24,28.35,16.13
Oct 1968,0,1,0,15,0,11,3,0,0,0,25.1,31.1,80.5,0,16.25,21.48,11.02
Nov 1968,0,2,0,3,0,9,2,-2.2,0,0,29,26.7,92,0,9.97,14.38,5.56
Dec 1968,0,23,3,0,0,11,0,-10.6,0,0,17.3,20.6,56.5,0,2.55,6.81,-1.71
Jan 1969,0,20,3,0,0,8,0,-10.6,0,3,16,15.6,43.1,6,1.21,5.15,-2.74
Feb 1969,0,17,0,0,0,7,0,-7.2,25,30,24.1,10.6,52.8,55,2.71,6.45,-1.02
Mar 1969,0,18,0,2,0,4,1,-6.7,51,74,7.9,21.1,40.8,171,6.13,11.47,0.78
Apr 1969,0,1,0,13,1,5,1,-2.8,0,0,10.9,32.2,43.6,0,14.8,21.09,8.51
May 1969,0,0,0,30,2,7,1,4.4,0,0,12.2,36.1,30.5,0,20.21,26.54,13.88
Jun 1969,0,0,0,30,14,6,5,13.9,0,0,40.1,37.8,87.7,0,25.05,30.32,19.78
Jul 1969,0,0,0,31,16,7,8,18.9,0,0,110.5,36.7,239.9,0,26.37,31.18,21.56
Aug 1969,0,0,0,31,4,7,5,14.4,0,0,63.8,33.3,177.4,0,24.61,29.78,19.45
Sep 1969,0,0,0,28,2,9,6,8.9,0,0,74.4,32.8,128.8,0,21.18,26.34,16.02
Oct 1969,0,2,0,16,0,12,0,-1.7,0,0,16,30,28.9,0,14.88,21.13,8.64
Nov 1969,0,11,0,1,0,10,1,-3.9,0,0,25.1,22.8,60.7,0,8.43,13.29,3.57
Dec 1969,0,21,2,0,0,8,0,-6.7,76,109,40.9,15,166,173,2.35,6.04,-1.34
Jan 1970,0,29,8,0,0,7,0,-15.6,51,38,13,16.7,31.4,91,-1.11,3.5,-5.73
Feb 1970,0,24,3,0,0,8,0,-11.7,76,89,19.3,17.2,68.3,92,2.82,8.33,-2.69
Mar 1970,0,11,0,1,0,14,0,-5,0,0,14.2,21.7,71.7,0,5.46,10.33,0.6
Apr 1970,0,0,0,10,0,12,4,1.1,0,0,77.2,28.3,135.9,0,12.9,18.6,7.2
May 1970,0,0,0,25,3,11,6,3.3,0,0,19.3,33.9,70.8,0,20.14,26.35,13.93
Jun 1970,0,0,0,30,9,4,6,12.2,0,0,23.9,35,71.4,0,23.98,29.66,18.3
Jul 1970,0,0,0,31,17,12,8,15.6,0,0,119.1,35,206.3,0,26.24,31.45,21.02
Aug 1970,0,0,0,31,15,5,6,16.1,0,0,11.2,34.4,27.7,0,26.08,31.39,20.77
Sep 1970,0,0,0,29,11,5,1,8.9,0,0,21.6,35.6,39.8,0,23.88,29.56,18.19
Oct 1970,0,0,0,18,0,18,0,3.9,0,0,27.4,30,52,0,16.95,21.61,12.28
Nov 1970,0,7,0,0,0,15,1,-6.7,0,0,58.4,19.4,146.5,0,9.59,13.93,5.24
Dec 1970,0,13,0,1,0,11,0,-6.1,0,124,25.4,22.8,84.6,132,4.27,8.48,0.06
Jan 1971,0,29,8,0,0,15,1,-10,203,112,18,11.7,47,122,-0.39,3.6,-4.39
Feb 1971,0,15,3,2,0,11,1,-11.7,0,5,45,22.8,138.3,8,3.92,8.61,-0.77
Mar 1971,0,13,0,2,0,5,1,-3.3,25,15,23.4,22.8,49.2,36,6.21,11.16,1.26
Apr 1971,0,0,0,10,0,4,1,1.7,0,0,25.1,27.2,53.3,0,12.77,19.76,5.77
May 1971,0,0,0,21,1,10,4,6.1,0,0,43.4,32.2,172.7,0,17.61,22.93,12.3
Jun 1971,0,0,0,29,10,11,9,15,0,0,14.7,33.3,43.7,0,24.4,29.31,19.48
Jul 1971,0,0,0,31,9,4,10,16.1,0,0,32,33.9,126.3,0,25.74,30.68,20.8
Aug 1971,0,0,0,31,6,8,4,14.4,0,0,96.3,33.9,182.3,0,24.82,30,19.64
Sep 1971,0,0,0,28,3,15,3,11.1,0,0,28.7,32.2,63,0,22.78,26.96,18.6
Oct 1971,0,0,0,19,0,20,1,7.8,0,0,54.6,28.3,155.4,0,18.15,22.08,14.23
Nov 1971,0,5,0,4,0,12,0,-3.3,25,25,37.6,29.4,95.6,35,8.95,13.64,4.25
Dec 1971,0,10,0,3,0,8,0,-5,0,3,34,23.3,42.2,3,7.5,12.35,2.65
Jan 1972,0,17,1,0,0,14,2,-16.1,0,5,14.2,18.3,62.1,8,3.58,7.82,-0.66
Feb 1972,0,18,2,1,0,9,0,-10,76,140,27.7,25,133.9,366,2.5,7.45,-2.45
Mar 1972,0,11,0,3,0,6,3,-4.4,0,0,16.5,25,57.7,0,7.5,12.54,2.47
Apr 1972,0,3,0,10,0,7,4,-2.2,25,15,36.1,29.4,101.5,15,12.27,18.19,6.35
May 1972,0,0,0,22,0,16,5,6.7,0,0,23.4,27.8,121.6,0,18.07,23.1,13.04
Jun 1972,0,0,0,27,0,14,6,8.3,0,0,155.2,30.6,292.7,0,21.19,25.89,16.49
Jul 1972,0,0,0,30,11,12,5,15.6,0,0,28.2,35,87.2,0,25.25,29.48,21.02
Aug 1972,0,0,0,31,3,10,3,13.9,0,0,43.7,33.3,71.6,0,24.39,29.24,19.55
Sep 1972,0,0,0,28,2,14,1,10,0,0,9.7,32.8,32.2,0,21.65,26.49,16.81
Oct 1972,0,2,0,10,0,10,0,-0.6,0,0,51.6,26.1,90.5,0,13.32,18.5,8.15
Nov 1972,0,6,0,2,0,10,1,-3.3,0,0,39.6,24.4,153.7,0,8.18,12.54,3.82
Dec 1972,0,7,1,0,0,16,0,-7.2,0,0,34.3,19.4,115.4,0,6.44,10.36,2.52
Jan 1973,0,22,3,0,0,6,0,-8.3,0,0,15.2,17.8,57.6,0,3.09,8.03,-1.85
Feb 1973,0,17,2,0,0,7,1,-12.8,0,3,34.3,17.2,68.1,3,2.78,7.68,-2.11
Mar 1973,0,1,0,5,0,15,2,-0.6,0,0,12.4,22.8,75.5,0,10.61,15.34,5.88
Apr 1973,0,1,0,9,0,7,3,0,0,0,22.4,30,106.6,0,13.29,18.47,8.12
May 1973,0,0,0,20,0,9,2,4.4,0,0,19.8,29.4,86.1,0,17.11,22.41,11.81
Jun 1973,0,0,0,30,8,10,6,12.8,0,0,29,33.9,53.7,0,25.05,29.98,20.12
Jul 1973,0,0,0,31,11,6,4,16.1,0,0,15.7,35,68.1,0,26.23,31.28,21.18
Aug 1973,0,0,0,31,12,3,3,15.6,0,0,73.2,36.7,112.1,0,26.61,31.45,21.77
Sep 1973,0,0,0,29,6,8,3,11.1,0,0,25.4,35.6,40.2,0,23.48,28.39,18.58
Oct 1973,0,0,0,25,0,6,2,5.6,0,0,27.9,30.6,43.5,0,17.39,23.27,11.51
Nov 1973,0,4,0,7,0,4,0,-3.3,0,0,7.6,26.1,24.8,0,10.87,16.52,5.22
Dec 1973,0,11,2,0,0,8,0,-6.7,203,152,26.2,20.6,153.2,279,5.49,9.45,1.53
Jan 1974,0,9,0,2,0,14,0,-5.6,25,38,13.7,23.9,67.7,38,6.05,10.32,1.78
Feb 1974,0,19,0,1,0,7,0,-7.8,102,102,7.6,23.9,24.2,107,3.99,9.03,-1.06
Mar 1974,0,5,0,5,0,13,2,-3.9,0,0,40.4,26.7,107.1,0,9.5,14.97,4.04
Apr 1974,0,0,0,16,1,4,2,0.6,0,0,31.8,32.8,57.6,0,14.62,21.18,8.06
May 1974,0,0,0,23,1,12,4,3.9,0,0,35.6,33.3,111.1,0,18.39,23.84,12.95
Jun 1974,0,0,0,28,3,15,5,12.8,0,0,37.3,33.9,86.4,0,21.91,26.86,16.97
Jul 1974,0,0,0,31,14,7,4,16.1,0,0,22.9,35.6,29.2,0,26.08,31.48,20.68
Aug 1974,0,0,0,31,9,13,11,15.6,0,0,35.3,33.9,146.5,0,25.75,30.55,20.94
Sep 1974,0,0,0,27,4,11,1,7.2,0,0,42.4,32.8,111.4,0,21.23,26.34,16.12
Oct 1974,0,1,0,17,0,8,0,-1.1,0,0,19.1,26.7,28.8,0,14.03,20.32,7.75
Nov 1974,0,5,0,5,0,9,0,-5,0,0,12.7,30,31.5,0,10.47,15.53,5.4
Dec 1974,0,7,0,0,0,12,1,-2.8,0,3,48.3,17.2,112.5,3,6.12,10.43,1.82
Jan 1975,0,16,2,2,0,15,0,-7.2,76,97,15.5,24.4,78.6,169,4.95,9.59,0.31
Feb 1975,0,15,0,1,0,10,0,-7.8,76,104,9.1,21.1,39.5,148,4.77,8.99,0.55
Mar 1975,0,8,0,0,0,10,2,-6.1,0,8,34.3,19.4,135.5,8,7.31,11.89,2.73
Apr 1975,0,0,0,5,0,2,0,0.6,0,0,14.5,26.1,54.2,0,11.99,16.92,7.05
May 1975,0,0,0,29,2,16,4,9.4,0,0,55.9,32.8,119.8,0,20.92,26.2,15.64
Jun 1975,0,0,0,30,7,9,7,13.3,0,0,11.2,34.4,54.8,0,24.63,29.14,20.11
Jul 1975,0,0,0,31,12,8,7,16.1,0,0,79.5,33.9,181.9,0,26.24,30.66,21.83
Aug 1975,0,0,0,31,14,7,10,17.8,0,0,31,36.7,90,0,26.7,31.51,21.88
Sep 1975,0,0,0,28,0,15,5,8.9,0,0,87.9,30,314,0,20.28,24.45,16.11
Oct 1975,0,0,0,21,0,15,1,1.1,0,0,20.8,30.6,60.6,0,17.3,22.76,11.84
Nov 1975,0,0,0,12,0,6,0,0.6,0,0,32,27.2,52.1,0,12.45,18.44,6.45
Dec 1975,0,14,1,0,0,10,0,-8.3,0,10,42.7,20,102.5,10,4.72,9,0.44
Jan 1976,0,23,5,0,0,8,0,-11.7,0,3,33.5,15,90.4,3,1.02,5.21,-3.17
Feb 1976,0,11,0,7,0,1,0,-11.7,25,23,14,26.1,39.4,23,8.28,14.42,2.13
Mar 1976,0,5,0,9,0,7,0,-4.4,0,20,19.3,28.3,63.8,20,10.75,16.42,5.07
Apr 1976,0,1,0,15,5,1,3,0,0,0,20.8,35,29.7,0,15.51,22.5,8.51
May 1976,0,0,0,24,0,8,2,6.1,0,0,36.1,30.6,90.8,0,18.31,23.87,12.75
Jul 1976,0,0,0,31,7,8,9,16.7,0,0,26.9,33.9,115.5,0,25.77,30.94,20.61
Aug 1976,0,0,0,31,8,10,3,14.4,0,0,31.5,34.4,54,0,24.84,29.75,19.93
Sep 1976,0,0,0,27,3,10,1,9.4,0,0,120.9,33.9,183.7,0,21.29,26.53,16.05
Oct 1976,0,2,0,8,0,13,1,-1.1,0,0,45.5,25.6,197.1,0,13,17.29,8.71
Nov 1976,0,13,1,1,0,3,0,-7.8,0,15,9.7,23.3,21.6,20,6.11,11.15,1.06
Dec 1976,0,22,1,0,0,7,0,-10,25,15,28.7,12.2,50.5,15,1.93,6.58,-2.72
Jan 1977,0,31,12,0,0,6,0,-16.7,152,117,13.7,9.4,38.1,247,-3.67,0.74,-8.08
Feb 1977,0,21,1,4,0,4,0,-10,0,0,15.2,23.3,16.7,0,3.75,9.81,-2.3
Mar 1977,0,4,0,8,0,5,0,-1.7,0,0,22.6,27.8,55.2,0,11.46,16.87,6.05
Apr 1977,0,2,0,19,2,4,1,-1.1,0,0,31.2,32.2,67.5,0,15.61,21.94,9.28
May 1977,0,0,0,28,1,13,4,6.1,0,0,13.7,33.3,44.1,0,20.78,26.61,14.94
Jun 1977,0,0,0,30,6,8,5,9.4,0,0,26.9,35.6,83.5,0,23.47,28.66,18.27
Jul 1977,0,0,0,31,20,8,8,15.6,0,0,39.6,37.8,103.1,0,27.13,32.35,21.92
Aug 1977,0,0,0,31,13,5,9,13.3,0,0,31.2,35,120.4,0,25.98,30.77,21.19
Sep 1977,0,0,0,29,4,12,2,12.8,0,0,2.3,34.4,8.2,0,23.28,27.48,19.07
Oct 1977,0,0,0,10,0,5,0,2.8,0,0,49.5,27.8,136,0,15,19.55,10.46
Nov 1977,0,3,0,8,0,15,1,-3.9,0,3,23.4,25.6,122.4,3,10.97,14.24,7.7
Dec 1977,0,14,5,0,0,14,0,-8.9,0,5,71.4,15,123.5,5,3.35,7.47,-0.77
Jan 1978,0,27,3,0,0,8,0,-12.2,127,117,42.2,16.7,180.7,262,0.24,4.12,-3.64
Feb 1978,0,26,3,0,0,6,0,-7.8,51,41,4.3,12.2,10.7,97,-0.34,3.51,-4.19
Mar 1978,0,10,0,3,0,4,2,-8.9,102,104,54.9,26.1,113.8,210,6.85,11.25,2.45
Apr 1978,0,0,0,12,0,4,1,4.4,0,0,12.2,31.1,35,0,14.28,20.05,8.51
May 1978,0,0,0,22,0,13,2,5.6,0,0,32,31.1,130.2,0,18.78,23.62,13.94
Jun 1978,0,0,0,30,7,8,7,12.2,0,0,18,36.1,61.6,0,24.82,30.2,19.43
Jul 1978,0,0,0,31,13,15,3,16.7,0,0,43.7,37.8,108.7,0,26.01,30.57,21.45
Aug 1978,0,0,0,31,15,13,7,18.3,0,0,51.1,33.9,148.5,0,27.36,31.5,23.22
Sep 1978,0,0,0,29,4,9,2,10,0,0,13.7,34.4,25.6,0,23.08,27.8,18.37
Oct 1978,0,0,0,13,0,9,2,4.4,0,0,14,29.4,29.7,0,15.23,20.62,9.84
Nov 1978,0,0,0,6,0,17,0,1.1,76,58,20.6,24.4,58.7,78,11.2,15.52,6.89
Dec 1978,0,13,0,2,0,10,0,-5.6,0,0,23.6,23.3,101.6,0,6.17,10.91,1.44
Jan 1979,0,22,4,0,0,11,0,-12.2,51,61,36.6,17.2,168.9,102,1.73,5.49,-2.04
Feb 1979,0,21,11,0,0,12,0,-14.4,559,356,42.4,13.3,142.7,777,-2.01,1.8,-5.81
Mar 1979,0,4,0,5,0,9,2,-3.9,0,0,27.2,29.4,62.3,0,10.85,16.52,5.17
Apr 1979,0,0,0,6,0,12,0,1.7,0,0,11.2,26.1,47.8,0,13.34,17.9,8.79
May 1979,0,0,0,29,0,17,4,8.3,0,0,32,31.7,90.1,0,19.81,24.62,15.01
Jun 1979,0,0,0,30,0,17,4,12.8,0,0,27.4,31.7,76,0,22.46,27.41,17.51
Jul 1979,0,0,0,31,8,19,6,13.9,0,0,32.5,33.9,87.1,0,25.88,30.02,21.74
Aug 1979,0,0,0,30,12,22,8,14.4,0,0,30.2,36.1,137.4,0,25.81,30.13,21.5
Sep 1979,0,0,0,30,0,16,0,12.2,0,0,93.5,30.6,168.8,0,21.99,25.8,18.18
Oct 1979,0,0,0,13,0,21,3,2.2,0,8,38.9,28.9,140.8,8,14.75,19.45,10.06
Nov 1979,0,1,0,11,0,16,1,-2.2,0,0,16.8,23.9,59.3,0,12.46,17.52,7.39
Dec 1979,0,10,0,0,0,8,0,-6.1,0,0,9.7,20.6,21.7,0,6.49,11.12,1.87
Jan 1980,0,19,2,0,0,7,0,-6.7,152,122,33,13.9,72.4,218,2.88,6.3,-0.54
Feb 1980,0,21,3,0,0,8,0,-7.8,76,56,6.6,18.3,29.7,130,2.27,6.49,-1.95
Mar 1980,0,6,2,1,0,12,0,-10,152,102,29.5,22.8,128,156,7.9,12.9,2.9
Apr 1980,0,0,0,18,0,9,3,1.7,0,0,20.1,26.7,83.2,0,15.61,20.87,10.36
May 1980,0,0,0,28,1,15,6,7.2,0,0,24.6,32.2,67.2,0,20.82,26.1,15.55
Jun 1980,0,0,0,30,9,7,8,11.1,0,0,14,36.7,42.8,0,23.79,29.25,18.34
Jul 1980,0,0,0,31,21,7,8,18.9,0,0,34,39.4,98.2,0,27.96,32.79,23.13
Aug 1980,0,0,0,31,22,9,5,17.8,0,0,13.2,37.8,28.3,0,28.21,33.34,23.09
Sep 1980,0,0,0,30,14,14,6,11.1,0,0,23.9,38.3,48.2,0,25.06,30.17,19.94
Oct 1980,0,0,0,13,0,10,2,3.3,0,0,40.9,29.4,65.8,0,15.49,20.34,10.64
Nov 1980,0,0,0,3,0,13,2,0.6,0,0,22.4,24.4,65.1,0,9.19,13.65,4.73
Dec 1980,0,14,4,1,0,8,0,-11.1,0,8,6.4,21.7,16.6,8,4.31,8.61,0
Jan 1981,0,22,8,0,0,7,0,-11.7,51,69,3.6,17.2,9.7,107,0.53,4.69,-3.62
Feb 1981,0,15,2,1,0,14,0,-8.9,0,0,18.3,24.4,71.7,0,6.47,11.95,0.99
Mar 1981,0,5,0,5,0,4,0,-2.2,0,0,22.9,29.4,38,0,8.68,14,3.36
Apr 1981,0,0,0,19,0,7,4,3.9,0,0,13.2,30,66.9,0,16.68,22.32,11.04
May 1981,0,0,0,25,1,9,5,7.2,0,0,22.4,32.2,86.9,0,19,24.28,13.71
Jun 1981,0,0,0,30,9,13,8,15.6,0,0,13.2,36.7,65,0,25.95,30.62,21.28
Jul 1981,0,0,0,31,13,15,6,16.1,0,0,40.4,36.7,144.7,0,26.78,31.02,22.54
Aug 1981,0,0,0,31,6,16,3,14.4,0,0,18.3,34.4,76.8,0,25.01,29.62,20.41
Sep 1981,0,0,0,27,4,11,2,9.4,0,0,30.7,34.4,49.2,0,21.68,26.28,17.07
Oct 1981,0,0,0,9,0,10,3,2.8,0,0,21.3,30.6,92.5,0,14.61,19.63,9.59
Nov 1981,0,3,0,5,0,6,1,-0.6,0,0,4.8,24.4,7.4,0,10.74,15.31,6.18
Dec 1981,0,16,1,0,0,15,0,-8.9,25,30,21.3,18.9,71.2,43,3.57,7.2,-0.07
Jan 1982,1,25,13,0,0,16,1,-20.6,254,163,15.5,16.1,57.7,389,-2.18,2.26,-6.61
Feb 1982,0,19,0,0,0,15,0,-6.7,76,79,23.1,20,84.6,135,3.51,8.01,-1
Mar 1982,0,7,0,1,0,17,2,-5,0,5,18,21.1,67,5,7.57,12.47,2.67
Apr 1982,0,3,0,10,0,8,2,-4.4,0,0,25.9,27.8,80.9,0,12.2,18.29,6.11
May 1982,0,0,0,28,1,14,5,8.9,0,0,39.6,32.2,129.8,0,20.55,26.1,15
Jun 1982,0,0,0,28,2,7,6,14.4,0,0,44.5,32.8,137.5,0,22.66,26.92,18.39
Jul 1982,0,0,0,31,15,10,9,16.7,0,0,38.4,36.1,75.8,0,26.78,31.35,22.2
Aug 1982,0,0,0,31,3,12,4,11.7,0,0,21.3,33.3,68.1,0,24.07,28.82,19.33
Sep 1982,0,0,0,27,1,13,1,10.6,0,0,24.1,32.8,43.3,0,21.46,26.23,16.68
Oct 1982,0,0,0,18,0,13,0,2.2,0,0,30,28.9,44.5,0,15.62,20.77,10.47
Nov 1982,0,4,0,5,0,11,0,-1.7,0,0,24.4,27.8,75.4,0,10.97,16.2,5.74
Dec 1982,0,9,0,5,0,11,0,-6.7,127,168,17.5,23.9,44.2,168,7.5,11.68,3.33
Jan 1983,0,14,1,0,0,11,0,-8.9,0,0,17.8,16.1,43,0,3.38,7.26,-0.51
Feb 1983,0,18,1,0,0,10,0,-8.9,432,417,48.5,17.2,78.6,534,3.73,8.55,-1.09
Mar 1983,0,4,0,2,0,13,3,-1.7,0,0,25.4,27.8,122.9,0,9.31,13.95,4.66
Apr 1983,0,0,0,5,0,12,2,0.6,0,0,49.3,31.1,174.7,0,11.8,16.65,6.94
May 1983,0,0,0,26,0,8,4,6.1,0,0,48.5,30,117.3,0,18.26,23.53,12.98
Jun 1983,0,0,0,30,6,17,8,12.8,0,0,58.7,33.9,180.2,0,23.9,28.51,19.3
Jul 1983,0,0,0,31,20,5,5,16.1,0,0,25.9,37.2,45.2,0,27.32,32.57,22.07
Aug 1983,0,0,0,31,20,11,6,15.6,0,0,23.6,38.3,78.9,0,27.21,32.19,22.24
Sep 1983,0,0,0,26,9,4,2,7.8,0,0,32.3,36.7,73.7,0,22.58,27.91,17.24
Oct 1983,0,0,0,15,0,16,1,2.8,0,0,46,29.4,123.8,0,15.8,20.39,11.21
Nov 1983,0,0,0,3,0,14,1,0.6,0,8,25.9,23.9,129.4,8,10.16,15.29,5.03
Dec 1983,0,16,6,0,0,9,0,-16.1,0,0,29.7,15,150.1,0,2.21,5.76,-1.34
Jan 1984,0,27,8,0,0,12,0,-16.1,102,91,19.6,15,43.5,165,0.12,4.22,-3.98
Feb 1984,0,10,0,1,0,16,0,-7.2,0,0,23.6,21.7,87.3,0,6.53,10.8,2.26
Mar 1984,0,11,1,0,0,11,3,-6.7,51,38,33,20.6,155.9,46,5.46,9.85,1.07
Apr 1984,0,0,0,6,0,13,8,2.2,0,0,24.6,26.7,94.5,0,12.69,17.8,7.59
May 1984,0,0,0,19,1,10,5,5,0,0,22.6,32.2,96.7,0,18.25,23.4,13.1
Jun 1984,0,0,0,29,13,9,8,9.4,0,0,31.2,36.1,51.1,0,24.93,30.47,19.39
Jul 1984,0,0,0,31,4,9,10,14.4,0,0,29.2,33.9,103.9,0,24.7,28.82,20.59
Aug 1984,0,0,0,31,4,16,6,15,0,0,18,32.8,58.5,0,25.46,29.63,21.29
Sep 1984,0,0,0,25,1,13,1,8.3,0,0,18.5,33.9,63.8,0,20.13,24.77,15.5
Oct 1984,0,0,0,22,0,18,2,7.8,0,0,32.5,28.3,80.8,0,18.41,22.28,14.54
Nov 1984,0,7,0,0,0,13,0,-3.9,0,0,43.2,20,93,0,7.78,12.65,2.91
Dec 1984,0,7,1,3,0,16,0,-5.6,0,8,18.3,23.9,30.3,8,7.54,11.88,3.21
Jan 1985,2,27,8,0,0,13,0,-20,76,99,12.4,16.1,53.6,254,-0.7,3.31,-4.71
Feb 1985,0,20,3,2,0,8,0,-8.9,0,0,34.8,25.6,78,0,3.2,7.88,-1.47
Mar 1985,0,7,0,4,0,9,0,-4.4,0,0,22.4,27.2,47.8,0,8.72,13.83,3.6
Apr 1985,0,1,0,18,2,9,0,-1.7,0,0,0.5,33.9,0.8,0,16.42,22.69,10.15
May 1985,0,0,0,24,0,15,4,7.8,0,0,35.8,30,147,0,20.03,25.03,15.03
Jun 1985,0,0,0,29,1,14,5,11.1,0,0,31.5,33.9,52.2,0,22.39,27.07,17.72
Jul 1985,0,0,0,31,13,13,8,17.2,0,0,25.9,35,74,0,26.1,31.11,21.1
Aug 1985,0,0,0,31,4,13,1,15,0,0,21.1,36.7,59.9,0,24.86,29.25,20.47
Sep 1985,0,0,0,29,8,16,3,10,0,0,80.5,35.6,169.5,0,22.14,27.55,16.74
Oct 1985,0,0,0,15,0,19,1,2.8,0,0,31,29.4,97.9,0,16.19,20.62,11.76
Nov 1985,0,0,0,7,0,22,0,2.2,0,0,31.2,25,113.6,0,12.39,16.16,8.62
Dec 1985,0,22,4,0,0,10,0,-11.7,25,18,11.2,18.3,17.3,18,2.44,6.97,-2.09
Jan 1986,0,22,7,0,0,10,0,-11.1,25,23,19.8,18.9,60.4,46,1.85,6.48,-2.78
Feb 1986,0,18,4,0,0,22,0,-8.3,102,91,14.5,20,88.7,327,1.81,4.74,-1.11
Mar 1986,0,11,0,7,0,8,1,-10,0,0,10.4,28.9,18.8,0,8.55,14.56,2.53
Apr 1986,0,0,0,13,0,10,2,1.7,0,0,20.1,27.2,50.3,0,13.45,18.68,8.22
May 1986,0,0,0,25,6,11,4,3.9,0,0,13,33.3,19.1,0,20.02,26.05,14
Jun 1986,0,0,0,30,12,9,5,10,0,0,10.2,35,32.9,0,24.8,30.8,18.8
Jul 1986,0,0,0,31,16,16,6,15,0,0,22.6,36.7,96.3,0,27.25,32.28,22.23
Aug 1986,0,0,0,30,4,19,5,9.4,0,0,39.9,35,135.3,0,23.66,28.06,19.26
Sep 1986,0,0,0,29,2,20,0,8.3,0,0,8.1,33.9,15.2,0,21.63,26.19,17.07
Oct 1986,0,0,0,13,1,13,1,3.9,0,0,15.5,32.8,51.1,0,16.18,21.13,11.22
Nov 1986,0,5,0,1,0,19,1,-6.1,0,0,25.1,25,132.8,0,8.05,12.25,3.86
Dec 1986,0,15,0,0,0,14,0,-6.1,0,0,59.9,16.7,126.4,0,4.29,8.21,0.38
Jan 1987,0,19,5,0,0,13,0,-13.9,457,274,37.8,15.6,124.4,528,1.5,5.12,-2.13
Feb 1987,0,19,2,0,0,5,1,-8.9,254,175,21.8,13.3,53.6,261,2.77,7.15,-1.61
Mar 1987,0,9,0,5,0,11,0,-4.4,0,0,13.5,23.9,39.2,0,8.74,14.36,3.12
Apr 1987,0,1,0,7,0,17,1,-1.7,0,0,13.2,28.9,57.9,0,12.67,17.47,7.87
May 1987,0,0,0,24,4,19,6,5.6,0,0,17.5,36.1,64.5,0,19.55,25.12,13.99
Jun 1987,0,0,0,30,5,15,8,13.3,0,0,30.2,34.4,99,0,24.64,29.98,19.29
Jul 1987,0,0,0,31,24,11,9,15.6,0,0,43.9,37.8,65.8,0,28.08,33.46,22.7
Aug 1987,0,0,0,31,12,14,4,14.4,0,0,28.7,37.8,52.7,0,25.92,30.7,21.15
Sep 1987,0,0,0,29,0,21,5,10.6,0,0,54.1,30.6,129.9,0,22.25,26.7,17.79
Oct 1987,0,0,0,9,0,10,2,2.2,0,0,41.7,23.3,64.3,0,12.4,18.21,6.6
Nov 1987,0,6,0,6,0,15,1,-4.4,305,292,37.1,25,113.9,292,9.92,15.23,4.61
Dec 1987,0,10,0,0,0,12,0,-6.1,0,0,14.7,17.8,65.3,0,5.25,9.13,1.37
Jan 1988,0,24,10,0,0,14,0,-12.2,203,160,25.4,18.3,79.7,333,-0.58,3.57,-4.73
Feb 1988,0,20,3,1,0,15,0,-11.7,0,0,18.5,21.1,64,0,2.94,7.66,-1.78
Mar 1988,0,12,0,4,0,11,1,-3.9,0,10,34,25,57.6,10,8.46,14.19,2.73
Apr 1988,0,0,0,6,0,10,2,1.7,0,0,26.4,26.1,51,0,12.42,17.49,7.36
May 1988,0,0,0,25,2,20,8,7.2,0,0,33.8,33.3,114.3,0,18.77,24.08,13.46
Jun 1988,0,0,0,26,12,10,2,10,0,0,17.8,38.3,24.2,0,23.55,29.46,17.65
Jul 1988,0,0,0,31,23,19,7,12.2,0,0,30.2,40,95.2,0,27.7,33.56,21.85
Aug 1988,0,0,0,31,20,15,5,15.6,0,0,26.4,39.4,60.8,0,27.02,32.06,21.98
Sep 1988,0,0,0,28,2,18,5,10.6,0,0,21.8,32.8,47,0,20.52,25.51,15.52
Oct 1988,0,0,0,8,0,10,0,1.1,0,0,31,26.7,44.6,0,12.43,17.76,7.1
Nov 1988,0,1,0,0,0,16,3,0,0,0,30,20.6,135.3,0,9.95,14.8,5.1
Dec 1988,0,17,3,1,0,5,0,-10.6,0,30,14.5,21.1,33,30,3.71,8.29,-0.87
Jan 1989,0,15,0,0,0,16,0,-7.2,25,25,16,17.2,63.3,73,4.35,8.67,0.03
Feb 1989,0,19,1,0,0,14,0,-7.8,0,18,23.4,20,71.2,31,3.21,7.27,-0.86
Mar 1989,0,10,2,7,0,15,3,-6.7,0,10,30.7,29.4,109.2,10,7.83,12.74,2.92
Apr 1989,0,0,0,9,0,10,3,1.7,0,0,25.1,26.7,88.8,0,12.98,18.25,7.72
May 1989,0,0,0,18,0,21,6,6.7,0,0,53.3,30.6,197.4,0,17.82,22.68,12.95
Jun 1989,0,0,0,30,4,17,8,15.6,0,0,34,35,152.8,0,24.89,29.29,20.49
Jul 1989,0,0,0,31,9,19,6,16.7,0,0,32.5,35.6,143.7,0,25.7,29.84,21.56
Aug 1989,0,0,0,30,7,18,1,13.9,0,0,23.9,34.4,29.3,0,25.01,29.26,20.75
Sep 1989,0,0,0,25,2,19,2,7.8,0,0,46.7,35.6,169.6,0,21.86,26.41,17.31
Oct 1989,0,0,0,18,0,18,0,3.3,0,0,28.4,28.3,139.2,0,15.78,21.31,10.25
Nov 1989,0,9,0,2,0,12,1,-5,102,48,30.5,24.4,60.3,89,8.85,13.59,4.1
Dec 1989,0,28,12,0,0,10,0,-15,152,91,31.2,12.2,53.4,228,-2.29,1.53,-6.11
Jan 1990,0,14,0,0,0,12,0,-3.3,0,5,23.4,20.6,75,5,6.43,11.28,1.57
Feb 1990,0,10,2,2,0,10,1,-10,0,0,11.7,22.8,33.1,0,7.33,12.85,1.81
Mar 1990,0,8,0,8,0,14,0,-5.6,0,48,34,31.7,65.5,61,10.12,15.62,4.62
Apr 1990,0,2,0,10,2,15,3,-0.6,0,5,25.4,33.9,103.8,5,13.78,19.63,7.93
May 1990,0,0,0,25,0,16,5,8.9,0,0,35.1,29.4,132,0,17.91,22.85,12.97
Jun 1990,0,0,0,30,5,12,8,10,0,0,55.6,36.1,79.7,0,23.86,29.33,18.38
Jul 1990,0,0,0,31,14,14,8,17.2,0,0,31,37.8,96.2,0,26.3,31.03,21.56
Aug 1990,0,0,0,31,7,22,5,16.7,0,0,49,33.9,171.5,0,24.71,29,20.43
Sep 1990,0,0,0,25,2,15,1,7.8,0,0,10.7,33.9,22.2,0,20.89,25.62,16.15
Oct 1990,0,0,0,20,0,9,1,1.7,0,0,42.4,30,83.8,0,17.07,22.47,11.66
Nov 1990,0,1,0,9,0,12,0,-1.7,0,0,45,26.1,55.3,0,11.11,16.87,5.35
Dec 1990,0,10,0,2,0,15,0,-6.7,76,76,18.8,21.7,120.4,76,6.94,11.72,2.15
Jan 1991,0,19,2,0,0,10,1,-7.8,51,69,40.4,15,73.7,122,3.64,7.96,-0.68
Feb 1991,0,13,1,3,0,10,0,-8.3,0,8,7.9,22.2,21.2,8,6.1,11.34,0.86
Mar 1991,0,4,0,3,0,12,1,-2.2,0,0,32.8,26.1,112.3,0,9.31,14.01,4.61
Apr 1991,0,0,0,13,0,14,3,1.7,0,0,17.8,30.6,35.3,0,14.54,19.87,9.22
May 1991,0,0,0,27,11,12,7,10.6,0,0,22.1,37.2,39.8,0,22.75,28.37,17.14
Jun 1991,0,0,0,29,12,12,4,13.9,0,0,10.7,36.7,32.3,0,24.89,30.44,19.33
Jul 1991,0,0,0,31,19,14,11,18.3,0,0,24.4,38.3,95.5,0,27.46,32.57,22.35
Aug 1991,0,0,0,31,14,14,2,18.3,0,0,34.3,36.1,51.7,0,26.67,31.76,21.57
Sep 1991,0,0,0,26,3,15,3,8.3,0,0,23.1,35.6,88.8,0,21.67,26.64,16.69
Oct 1991,0,0,0,17,0,18,2,2.8,0,0,31.5,29.4,51.6,0,15.76,21.23,10.29
Nov 1991,0,7,0,7,0,11,0,-3.3,0,0,12.7,25,21.7,0,9.33,14.08,4.58
Dec 1991,0,17,0,1,0,14,0,-7.2,0,0,25.9,21.7,128.9,0,5.72,10.22,1.22
Jan 1992,0,20,1,0,0,16,0,-10,102,97,46.7,18.3,70.6,102,3.44,7.88,-1
Feb 1992,0,15,0,0,0,13,0,-6.7,51,66,16.8,16.7,56.6,66,5.11,9.83,0.39
Mar 1992,0,13,0,1,0,14,0,-6.1,0,0,38.1,22.8,88.4,0,7.21,11.99,2.43
Apr 1992,0,2,0,10,0,13,9,-0.6,0,0,26.2,29.4,64.8,0,13.01,18.39,7.63
May 1992,0,0,0,20,1,16,1,6.1,0,0,23.6,32.8,86.8,0,16.83,22.17,11.49
Jun 1992,0,0,0,30,2,14,5,10.6,0,0,17,32.2,59.6,0,22.05,27.32,16.77
Jul 1992,0,0,0,31,13,15,10,17.8,0,0,29,37.2,135.8,0,26.38,30.92,21.85
Aug 1992,0,0,0,30,5,18,3,13.3,0,0,14,33.9,63.1,0,23.29,27.97,18.6
Sep 1992,0,0,0,26,0,20,5,6.7,0,0,29,31.1,88.7,0,20.64,25,16.28
Oct 1992,0,1,0,8,0,8,3,0,0,0,24.9,27.8,51.7,0,13.29,18.21,8.36
Nov 1992,0,4,0,2,0,17,1,-2.8,0,0,25.1,22.8,85.8,0,9.33,13.46,5.2
Dec 1992,0,14,0,0,0,14,0,-6.7,0,25,24.4,19.4,72.9,25,4.23,7.79,0.66
Jan 1993,0,17,1,0,0,11,0,-5.6,0,0,25.7,18.3,73.7,0,4.26,8.23,0.3
Feb 1993,0,22,4,0,0,7,0,-11.7,76,69,22.9,13.9,57.8,105,1.27,5.83,-3.3
Mar 1993,0,13,1,0,0,19,3,-9.4,127,165,58.2,20.6,173.2,168,5.68,9.95,1.41
Apr 1993,0,0,0,7,0,8,6,1.7,0,0,25.1,27.2,92,0,12.64,18.19,7.09
May 1993,0,0,0,26,0,12,5,8.9,0,0,32,31.7,86.4,0,19.66,25.13,14.19
Jun 1993,0,0,0,30,9,13,5,10.6,0,0,13.2,35.6,44,0,24.04,29.52,18.55
Jul 1993,0,0,0,31,24,15,9,18.9,0,0,8.6,37.8,34.5,0,28.38,33.61,23.16
Aug 1993,0,0,0,31,14,22,11,16.7,0,0,49.3,35.6,98.4,0,26.42,31.69,21.15
Sep 1993,0,0,0,24,4,18,5,7.8,0,0,21.3,35.6,93.6,0,21.62,26.14,17.1
Oct 1993,0,0,0,9,0,15,2,4.4,0,0,22.6,26.7,66.6,0,14.46,19.39,9.53
Nov 1993,0,4,0,2,0,14,1,-1.1,0,0,57.4,28.3,120.9,0,9.32,14.34,4.3
Dec 1993,0,16,5,0,0,15,0,-9.4,51,51,43.7,16.7,111.2,66,3.4,7.01,-0.22
Jan 1994,1,27,8,0,0,16,0,-20,51,48,27.7,16.1,108.8,90,-1.8,2.39,-5.99
Feb 1994,0,22,4,0,0,17,0,-8.9,76,58,34,20,106.6,79,2.38,7.08,-2.32
Mar 1994,0,9,0,3,0,15,1,-4.4,76,53,41.9,28.3,214.8,101,7.42,12.53,2.32
Apr 1994,0,0,0,18,1,10,4,2.2,0,0,12.7,32.2,40.4,0,16.65,22.66,10.63
May 1994,0,0,0,21,2,11,3,6.7,0,0,12.4,33.3,39.8,0,17.25,23.37,11.14
Jun 1994,0,0,0,30,17,10,9,12.2,0,0,10.2,38.3,40.3,0,26.31,32.24,20.38
Jul 1994,0,0,0,31,22,20,11,18.9,0,0,18.5,36.7,91.9,0,27.67,32.55,22.78
Aug 1994,0,0,0,31,3,16,6,13.3,0,0,32.8,33.9,110.6,0,24.15,28.8,19.5
Sep 1994,0,0,0,28,1,12,2,11.1,0,0,38.9,32.8,72.1,0,21.21,26.27,16.14
Oct 1994,0,0,0,15,0,9,1,4.4,0,0,21.6,27.2,30.2,0,15.04,20.29,9.78
Nov 1994,0,1,0,10,0,9,1,-1.7,0,0,13.2,26.1,39.8,0,11.86,17.17,6.55
Dec 1994,0,9,0,1,0,14,0,-2.2,0,0,16.8,21.7,59.7,0,6.76,10.9,2.62
Jan 1995,0,19,1,1,0,12,1,-9.4,102,99,25.4,21.1,81.8,99,4.18,7.89,0.48
Feb 1995,0,22,5,0,0,11,0,-13.9,102,114,15,16.7,43.4,147,1.29,5.78,-3.2
Mar 1995,0,6,0,5,0,11,0,-5.6,0,10,50,25.6,54.4,10,9.52,15.07,3.97
Apr 1995,0,1,0,12,1,11,4,-1.1,0,0,17.5,32.8,48,0,13.5,19.51,7.48
May 1995,0,0,0,25,0,16,6,7.2,0,0,22.1,31.1,106.5,0,18.78,24.06,13.5
Jun 1995,0,0,0,30,5,16,6,14.4,0,0,21.6,33.9,61.6,0,23.67,28.46,18.89
Jul 1995,0,0,0,31,20,16,8,16.1,0,0,40.6,37.2,102.4,0,27.46,32.42,22.51
Aug 1995,0,0,0,31,19,6,1,17.8,0,0,11.7,36.7,22.4,0,27.37,32.61,22.13
Sep 1995,0,0,0,26,7,14,1,11.1,0,0,23.9,35,94.7,0,21.64,26.6,16.67
Oct 1995,0,0,0,18,0,14,3,5,0,0,85.3,29.4,219.6,0,16.82,22.13,11.5
Nov 1995,0,14,0,1,0,13,1,-2.2,0,8,33.3,22.8,121,13,6.17,10.39,1.96
Dec 1995,0,23,5,0,0,8,0,-8.3,25,28,20.6,19.4,55.2,34,2.02,5.78,-1.75
Jan 1996,0,26,6,0,0,16,1,-10,508,330,30.2,16.7,127.5,604,0.45,4.55,-3.64
Feb 1996,0,14,6,1,0,12,0,-15,203,173,12.2,22.2,50.7,387,2.91,6.97,-1.16
Mar 1996,0,11,2,1,0,10,0,-8.3,102,94,30,22.8,91.5,133,6.06,11,1.12
Apr 1996,0,0,0,15,0,9,3,1.7,0,0,24.1,30.6,80.5,0,13.78,19.39,8.16
May 1996,0,0,0,17,3,20,5,5.6,0,0,22.1,35.6,126.1,0,17.72,22.58,12.85
Jun 1996,0,0,0,30,6,13,11,12.2,0,0,18.8,33.9,79.9,0,25.09,30.2,19.99
Jul 1996,0,0,0,31,9,18,3,16.1,0,0,29.2,34.4,142.1,0,25.31,29.68,20.94
Aug 1996,0,0,0,31,2,27,3,17.2,0,0,38.9,33.9,67,0,24.73,29.45,20.02
Sep 1996,0,0,0,27,1,11,4,11.1,0,0,46.5,32.2,197.9,0,21.41,25.67,17.15
Oct 1996,0,0,0,14,0,12,0,5,0,0,37.8,27.8,102.6,0,15.21,20.13,10.3
Nov 1996,0,10,0,2,0,9,2,-3.3,0,5,65.3,22.2,91,5,6.73,10.83,2.63
Dec 1996,0,8,1,0,0,18,0,-6.7,0,5,48.5,18.9,139.9,5,6.08,9.89,2.27
Jan 1997,0,21,5,2,0,13,0,-11.7,25,41,23.1,22.8,65,59,2.76,6.96,-1.44
Feb 1997,0,10,0,4,0,10,0,-2.2,76,81,14.7,25,61.7,102,7.03,11.53,2.53
Mar 1997,0,2,0,6,0,15,1,-0.6,0,0,25.9,25,105.5,0,9.27,14.41,4.14
Apr 1997,0,2,0,7,0,9,0,-2.2,0,0,26.9,26.1,61.3,0,12.19,17.73,6.65
May 1997,0,0,0,23,1,4,5,5.6,0,0,55.1,35.6,77.5,0,17.17,23.34,11
Jun 1997,0,0,0,26,9,9,4,10,0,0,28.4,37.8,74.7,0,22.84,28.13,17.56
Jul 1997,0,0,0,30,18,10,3,17.2,0,0,8.6,37.8,28.9,0,26.86,32.39,21.33
Aug 1997,0,0,0,31,10,9,3,15,0,0,52.3,40.6,89.2,0,25.34,30.73,19.94
Sep 1997,0,0,0,28,3,13,2,9.4,0,0,17.3,32.8,40.4,0,21.34,26.54,16.15
Oct 1997,0,0,0,13,1,14,0,1.1,0,0,28.7,32.2,94.8,0,15.32,20.48,10.16
Nov 1997,0,6,0,0,0,12,0,-2.8,0,0,50.8,18.3,116.9,0,7.86,11.71,4.01
Dec 1997,0,11,0,0,0,12,0,-4.4,0,3,8.1,16.7,44.4,3,5,8.98,1.02
Jan 1998,0,8,0,0,0,14,0,-7.8,0,0,45.5,20.6,138,0,6.1,9.95,2.24
Jan 1999,0,19,7,1,0,13,1,-8.9,51,56,31.8,21.7,137.9,56,3.4,7.97,-1.17
Feb 1999,0,15,1,1,0,14,2,-6.7,0,5,17.3,23.3,64.7,5,4.96,9.58,0.33
Mar 1999,0,10,1,4,0,8,2,-6.7,203,213,32,24.4,98.4,221,6.92,11.87,1.96
Apr 1999,0,0,0,8,0,10,4,5,0,0,13.7,29.4,53.2,0,13.63,19.12,8.14
May 1999,0,0,0,27,2,11,3,8.3,0,0,17.3,33.3,32.5,0,19.61,25.49,13.73
Jun 1999,0,0,0,29,8,11,3,13.9,0,0,33.5,36.7,57.6,0,23.7,28.68,18.71
Jul 1999,0,0,0,31,22,14,5,17.2,0,0,7.1,39.4,25.6,0,28.3,33.79,22.81
Aug 1999,0,0,0,31,16,14,8,16.7,0,0,51.6,37.2,127.6,0,26.45,31.54,21.37
Sep 1999,0,0,0,26,0,18,4,8.9,0,0,93.2,30,260.8,0,21.09,25.37,16.82
Oct 1999,0,0,0,10,0,14,0,3.9,0,0,18.5,26.1,54.8,0,13.97,18.84,9.1
Nov 1999,0,2,0,8,0,12,1,-0.6,0,0,38.6,24.4,46.2,0,11.73,16.56,6.91
Dec 1999,0,11,2,0,0,11,0,-6.1,0,0,22.9,20,63.3,0,5.53,9.64,1.42
Jan 2000,0,22,8,1,0,11,0,-10,229,236,31,21.7,93.1,367,2.13,6.23,-1.97
Feb 2000,0,14,0,2,0,8,2,-5.6,127,13,16.3,24.4,52.5,23,5.78,10.65,0.92
Mar 2000,0,2,0,6,0,9,4,-2.8,0,0,46.2,29.4,101.2,0,10.92,16.47,5.37
Apr 2000,0,0,0,7,0,14,3,1.1,0,0,36.6,27.8,130.5,0,13.12,18.07,8.16
May 2000,0,0,0,23,3,13,3,7.8,0,0,20.6,32.8,78.3,0,19.9,25,14.8
Jun 2000,0,0,0,28,5,16,11,13.3,0,0,27.2,34.4,125.5,0,23.71,28.24,19.18
Jul 2000,0,0,0,31,1,16,8,15.6,0,0,33.5,32.8,140,0,23.69,27.87,19.51
Aug 2000,0,0,0,31,3,20,8,15,0,0,19.1,33.3,95.8,0,23.93,27.98,19.87
Sep 2000,0,0,0,23,0,14,4,8.9,0,0,47.2,31.1,124.6,0,19.79,24.18,15.39
Oct 2000,0,0,0,19,0,17,0,2.8,0,0,0.3,28.9,0.6,0,15.63,21.1,10.17
Nov 2000,0,8,0,1,0,11,1,-3.9,0,0,12.4,21.7,40.6,0,8.13,12.83,3.43
Dec 2000,0,28,6,0,0,9,1,-10,51,51,22.9,15.6,51.2,51,-0.12,3.64,-3.87
Jan 2001,0,22,0,0,0,14,0,-6.7,25,28,25.9,15,56.6,61,1.96,6.01,-2.09
Feb 2001,0,13,1,1,0,10,0,-6.1,76,71,16.3,21.1,46.6,71,4.92,9.96,-0.12
Mar 2001,0,11,0,0,0,11,1,-3.9,0,5,31.5,18.9,98.6,5,6.52,11.25,1.79
Apr 2001,0,0,0,13,0,12,2,1.1,0,0,12.4,31.7,42.8,0,14.21,20.01,8.41
May 2001,0,0,0,24,0,14,4,7.8,0,0,27.2,31.1,94.1,0,18.82,23.9,13.75
Jun 2001,0,0,0,29,5,18,7,12.2,0,0,41.7,33.3,119.3,0,23.98,28.62,19.34
Jul 2001,0,0,0,30,5,12,7,14.4,0,0,33.8,33.9,121.5,0,24.01,28.71,19.32
Aug 2001,0,0,0,31,6,16,11,17.2,0,0,23.4,36.1,75.9,0,26.06,30.4,21.72
Sep 2001,0,0,0,25,0,9,4,7.8,0,0,10.7,30.6,36,0,20.52,25.47,15.58
Oct 2001,0,0,0,18,0,9,0,0.6,0,0,8.1,28.9,17.6,0,15.38,21.46,9.3
Nov 2001,0,0,0,9,0,13,0,0.6,0,0,9.7,26.1,14.1,0,12.68,18.35,7.01
Dec 2001,0,8,1,4,0,14,0,-5.6,0,0,14.5,23.9,39,0,7.47,11.77,3.18
Jan 2002,0,15,0,1,0,8,0,-6.7,51,69,15.2,25,33.5,69,5.36,9.86,0.87
Feb 2002,0,16,0,1,0,7,1,-6.1,0,8,4.8,25,11.9,13,5.9,11.42,0.38
Mar 2002,0,6,0,4,0,14,2,-7.2,0,0,19.6,26.7,85.7,0,8.7,14.07,3.32
Apr 2002,0,1,0,14,3,12,6,0,0,0,34.8,35,88.3,0,15.52,21.25,9.79
May 2002,0,0,0,22,1,13,7,5.6,0,0,19.3,32.8,55.2,0,18.45,24.09,12.8
Jun 2002,0,0,0,30,10,9,6,13.9,0,0,48.8,35,96.8,0,24.5,29.89,19.11
Jul 2002,0,0,0,31,19,10,2,15.6,0,0,34.5,37.2,55.9,0,27.17,32.05,22.29
Aug 2002,0,0,0,31,19,6,5,16.1,0,0,34.5,37.8,41.4,0,27.27,32.44,22.1
Sep 2002,0,0,0,28,3,12,1,12.8,0,0,21.6,33.3,53.4,0,22.79,27.62,17.96
Oct 2002,0,0,0,9,1,19,0,3.3,0,0,35.1,32.2,127.2,0,14.79,18.66,10.93
Nov 2002,0,3,0,2,0,11,1,-2.8,0,0,41.7,22.8,110.4,0,8.38,12.62,4.14
Dec 2002,0,20,2,0,0,13,0,-7.8,152,155,34.5,16.1,113.1,180,2.9,6.79,-0.99
Jan 2003,0,24,7,0,0,16,1,-11.7,76,76,38.6,16.7,61.3,115,-0.51,2.96,-3.98
Feb 2003,0,21,4,0,0,18,1,-9.4,406,338,57.7,12.2,177.3,731,0.91,4.29,-2.46
Mar 2003,0,12,0,4,0,19,1,-6.7,76,3,49.5,24.4,106.8,3,8.37,13.88,2.86
Apr 2003,0,1,0,10,0,15,1,0,0,0,17.3,29.4,64.9,0,12.83,18.2,7.46
May 2003,0,0,0,14,0,24,7,7.2,0,0,40.4,27.8,179.4,0,16.5,20.18,12.82
Jun 2003,0,0,0,27,4,21,9,11.7,0,0,40.9,33.9,200.1,0,21.85,26.15,17.54
Jul 2003,0,0,0,31,8,17,10,18.9,0,0,29,34.4,146.5,0,25.41,29.6,21.23
Aug 2003,0,0,0,31,8,19,12,17.8,0,0,24.4,34.4,118.1,0,25.98,29.94,22.02
Sep 2003,0,0,0,27,0,16,4,9.4,0,0,57.9,29.4,174.3,0,21.36,25.44,17.27
Oct 2003,0,0,0,9,0,10,2,2.8,0,0,32.3,25.6,99.8,0,14.14,18.91,9.37
Nov 2003,0,1,0,7,0,15,1,-0.6,0,0,37.3,27.2,107.4,0,11.72,16.44,7
Dec 2003,0,19,0,0,0,10,0,-3.9,76,91,20.6,16.7,109.8,157,3.98,8.06,-0.11
Jan 2004,0,26,15,1,0,10,0,-13.3,127,89,8.9,22.2,34.3,157,-0.81,3.16,-4.78
Feb 2004,0,20,0,0,0,4,0,-9.4,102,0,40.6,18.9,57.9,0,3.4,8.09,-1.3
Mar 2004,0,5,0,6,0,14,0,-3.3,0,0,21.6,25,53.2,0,9.32,14.46,4.18
Apr 2004,0,1,0,11,1,12,1,-0.6,0,0,30,32.8,97.8,0,14.09,19.14,9.04
May 2004,0,0,0,28,2,14,13,6.7,0,0,17,33.3,75.7,0,22.09,27.02,17.16
Jun 2004,0,0,0,28,3,17,5,13.9,0,0,32,33.3,116.8,0,23,27.44,18.55
Jul 2004,0,0,0,31,4,18,8,18.9,0,0,55.4,33.3,177.3,0,25.85,29.89,21.81
Aug 2004,0,0,0,31,1,21,5,14.4,0,0,61.7,32.8,129.3,0,24.37,28.3,20.45
Sep 2004,0,0,0,30,0,14,3,10.6,0,0,62.5,30.6,101.4,0,22,26.14,17.85
Oct 2004,0,0,0,11,0,13,2,5,0,0,21.3,26.1,44.2,0,14.59,18.73,10.45
Nov 2004,0,0,0,3,0,10,0,0.6,0,0,52.3,21.7,114.3,0,10.55,14.89,6.21
Dec 2004,0,16,2,0,0,9,2,-11.7,0,3,22.6,17.8,77.4,3,4.46,8.94,-0.01
Jan 2005,0,17,9,1,0,13,0,-11.1,51,76,46.2,21.7,84.2,162,2.25,6.06,-1.55
Feb 2005,0,17,0,0,0,11,0,-6.7,76,74,12.4,17.8,41.4,133,4.2,8.99,-0.6
Mar 2005,0,12,0,1,0,6,2,-6.7,51,20,47,21.1,113.4,20,6.11,10.63,1.6
Apr 2005,0,0,0,10,0,10,2,4.4,0,0,45.5,30,110,0,14.06,19.55,8.58
May 2005,0,0,0,18,0,8,1,3.3,0,0,66.8,28.9,117.2,0,16.61,21.64,11.58
Jun 2005,0,0,0,28,7,11,5,13.9,0,0,26.2,34.4,73.1,0,24.26,29,19.52
Jul 2005,0,0,0,31,13,15,10,18.9,0,0,54.4,36.1,154.1,0,26.93,31.3,22.56
Aug 2005,0,0,0,31,12,11,3,16.7,0,0,29.7,36.1,59.3,0,26.72,31.06,22.39
Sep 2005,0,0,0,30,7,3,1,10,0,0,2.3,33.9,2.9,0,23.88,29.27,18.48
Oct 2005,0,0,0,12,0,10,1,4.4,0,0,93.2,27.8,239.1,0,15.8,19.89,11.71
Nov 2005,0,7,0,3,0,12,0,-5.6,0,0,16,25,48.9,0,10.12,15.4,4.85
Dec 2005,0,21,2,0,0,10,0,-7.2,76,41,23.6,14.4,84.9,123,2.44,6.22,-1.34
Jan 2006,0,11,0,0,0,14,4,-3.9,0,0,20.1,18.3,82.5,0,6.13,10.66,1.59
Feb 2006,0,17,1,0,0,8,1,-10,178,170,19.8,18.9,62.6,223,3.67,8.11,-0.77
Mar 2006,0,10,0,6,0,6,0,-2.2,0,0,0.8,29.4,1.4,0,8.81,14.13,3.5
Apr 2006,0,0,0,16,0,9,4,1.1,0,0,27.4,28.3,78.8,0,15.26,20.92,9.59
May 2006,0,0,0,24,2,15,4,7.2,0,0,20.6,35,56.2,0,18.37,23.84,12.9
Jun 2006,0,0,0,30,5,17,13,12.2,0,0,131.8,33.9,356.2,0,23.63,28.51,18.75
Jul 2006,0,0,0,31,14,17,6,16.7,0,0,22.1,36.1,90.4,0,26.91,31.57,22.24
Aug 2006,0,0,0,31,15,7,2,16.1,0,0,20.1,38.3,26.2,0,26.96,31.77,22.15
Sep 2006,0,0,0,22,0,18,1,10,0,0,55.4,29.4,160.4,0,19.87,23.82,15.93
Oct 2006,0,0,0,12,0,14,1,3.3,0,0,33.3,27.8,128.6,0,14.04,18.99,9.1
Nov 2006,0,1,0,5,0,16,1,-1.7,0,0,37.6,23.3,131.3,0,10.39,14.69,6.1
Dec 2006,0,9,0,2,0,10,0,-7.2,0,0,17.8,23.9,39.5,0,6.78,11.57,1.99
Jan 2007,0,20,1,1,0,10,0,-9.4,25,30,26.2,22.8,62.5,33,4.83,8.98,0.68
Feb 2007,0,25,6,0,0,12,1,-12.2,76,74,22.6,15,56.5,151,-0.64,3.37,-4.64
Mar 2007,0,10,1,7,0,11,0,-6.7,25,46,45.5,28.3,81,49,8.72,14.46,2.99
Apr 2007,0,3,0,11,0,10,3,-1.7,0,10,61.2,30,106,10,12,17.01,6.98
May 2007,0,0,0,25,1,8,3,6.7,0,0,23.6,32.8,44.4,0,19.91,25.36,14.46
Jun 2007,0,0,0,29,7,9,8,15,0,0,22.4,35.6,35.2,0,24.49,29.45,19.54
Jul 2007,0,0,0,31,14,8,7,16.7,0,0,24.9,36.7,61,0,26.25,31.55,20.94
Aug 2007,0,0,0,31,15,15,6,17.2,0,0,37.1,38.9,88.2,0,26.5,31.25,21.74
Sep 2007,0,0,0,29,4,8,1,10,0,0,10.4,32.8,15.2,0,22.74,27.95,17.52
Oct 2007,0,0,0,24,3,15,1,5,0,0,67.3,34.4,166.4,0,19.47,24.64,14.31
Nov 2007,0,1,0,3,0,9,0,-1.1,0,0,20.3,25,37.1,0,9.87,14.27,5.47
Dec 2007,0,7,0,0,0,19,0,-5,76,66,18.3,17.8,83.4,66,5.43,8.71,2.15
Jan 2008,0,15,1,1,0,5,0,-7.8,25,33,19.1,22.8,35,33,4.43,8.65,0.22
Feb 2008,0,16,1,2,0,10,2,-8.9,25,25,52.1,23.3,106.1,25,5,9.79,0.2
Mar 2008,0,2,0,5,0,11,1,-1.7,0,0,15,23.3,71.3,0,9.45,14.63,4.26
Apr 2008,0,0,0,13,0,18,4,4.4,0,0,35.6,29.4,125.1,0,14.93,19.73,10.13
May 2008,0,0,0,26,0,12,3,8.9,0,0,66.8,30.6,270.8,0,18.18,23.49,12.86
Jun 2008,0,0,0,30,8,19,13,14.4,0,0,37.8,36.7,122,0,25.48,30.69,20.28
Jul 2008,0,0,0,31,14,11,8,18.3,0,0,27.7,35.6,91.6,0,27.08,31.92,22.24
Aug 2008,0,0,0,31,7,5,3,17.8,0,0,12.2,34.4,31.2,0,25.48,30.35,20.61
Sep 2008,0,0,0,29,6,9,3,13.3,0,0,88.9,35,163,0,23.31,27.72,18.89
Oct 2008,0,0,0,14,0,6,0,2.2,0,0,21.3,27.8,28.7,0,14.92,19.85,9.99
Nov 2008,0,9,0,3,0,7,1,-3.3,0,0,19.3,23.3,61.8,0,8.13,11.78,4.47
Dec 2008,0,15,1,1,0,11,0,-8.9,0,0,42.2,21.1,75.4,0,4.6,8.84,0.36
Jan 2009,0,29,6,0,0,7,2,-13.3,25,48,32,10.6,68.1,48,-0.22,3.47,-3.91
Feb 2009,0,20,1,1,0,5,1,-9.4,0,3,3.6,22.2,9,3,4.35,9.75,-1.05
Mar 2009,0,8,2,4,0,12,0,-10,102,114,13.2,24.4,50,139,7.32,12,2.64
Apr 2009,0,0,0,11,1,11,3,2.2,0,0,30.2,33.3,107.2,0,13.88,19.33,8.42
May 2009,0,0,0,22,0,20,10,7.2,0,0,41.9,30,204.5,0,18.6,23.21,13.98
Jun 2009,0,0,0,27,2,12,8,12.8,0,0,38.1,32.8,148.9,0,23.14,27.49,18.78
Jul 2009,0,0,0,31,7,8,3,16.7,0,0,14.2,35.6,27.2,0,24.93,29.87,19.98
Aug 2009,0,0,0,31,12,11,9,16.7,0,0,32.8,36.1,62.4,0,26.58,31.32,21.85
Sep 2009,0,0,0,27,0,9,1,12.2,0,0,35.6,30.6,84.1,0,21.23,25.52,16.94
Oct 2009,0,0,0,16,0,8,0,3.9,0,0,31.2,29.4,145.1,0,14.7,18.94,10.45
Nov 2009,0,0,0,4,0,17,1,1.7,0,0,23.9,23.3,112.7,0,11.23,15.26,7.19
Dec 2009,0,18,1,0,0,14,1,-5,406,381,34,18.3,172.4,422,3.25,6.8,-0.3
Jan 2010,0,23,6,0,0,6,1,-8.9,152,163,17.3,20,39.7,188,1.81,5.86,-2.25
Feb 2010,0,21,3,0,0,9,0,-8.9,533,231,19.6,10,69.3,815,1.22,4.52,-2.07
Mar 2010,0,0,0,6,0,10,1,0.6,0,0,20.3,24.4,90.2,0,10.66,15.46,5.86
Apr 2010,0,0,0,17,2,7,2,5,0,0,15.7,32.2,38,0,16.02,22.03,10
May 2010,0,0,0,24,3,12,4,6.1,0,0,16.3,33.9,61,0,20.74,25.75,15.74
Jun 2010,0,0,0,30,18,4,6,15.6,0,0,20.1,37.8,47.7,0,26.98,32.12,21.84
Jul 2010,0,0,0,31,21,8,7,17.2,0,0,47.2,38.9,131.4,0,28.37,33.48,23.26
Aug 2010,0,0,0,31,13,7,4,18.9,0,0,24.9,36.7,65.8,0,26.74,31.34,22.15
Sep 2010,0,0,0,29,10,9,0,13.3,0,0,118.4,37.2,153,0,24.16,29.65,18.66
Oct 2010,0,0,0,17,0,7,0,4.4,0,0,32.3,31.1,86.6,0,16.4,21.25,11.55
Nov 2010,0,1,0,0,0,8,2,0,0,0,33.3,20.6,56.5,0,10.25,15.11,5.39
Dec 2010,0,27,2,0,0,7,0,-6.1,51,38,19.8,18.3,45.3,53,1.45,4.85,-1.94
Jan 2011,0,26,3,0,0,11,1,-8.3,102,127,38.6,15,57.2,185,0.92,4.29,-2.46
Feb 2011,0,16,0,4,0,11,1,-7.2,51,5,16.8,25,54.1,13,5.41,10.69,0.12
Mar 2011,0,7,0,2,0,13,2,-2.8,0,5,35.8,26.7,111.6,5,7.57,12.24,2.9
Apr 2011,0,0,0,14,0,14,7,2.2,0,0,18.8,30,81.4,0,14.87,20.31,9.44
May 2011,0,0,0,26,3,12,8,7.8,0,0,14.2,36.7,43.2,0,20.17,25.19,15.15
Jun 2011,0,0,0,30,10,5,9,15,0,0,21.1,38.9,42.9,0,25.97,31.05,20.88
Jul 2011,0,0,0,31,25,8,7,19.4,0,0,26.7,40,77,0,29.16,34.21,24.11
Aug 2011,0,0,0,31,12,11,9,17.2,0,0,84.6,37.8,226.7,0,26.63,31.43,21.82
Sep 2011,0,0,0,26,0,18,5,9.4,0,0,71.6,30.6,224.6,0,21.82,25.33,18.3
Oct 2011,0,0,0,13,0,1,1,1.1,0,0,30,28.3,99.5,0,14.65,19.18,10.11
Nov 2011,0,0,0,3,0,6,0,0.6,0,0,14,22.8,49.3,0,11.36,16.41,6.3
Dec 2011,0,7,0,0,0,9,0,-1.7,0,0,78.7,17.2,124.5,0,7.25,11.48,3.01
Jan 2012,0,16,1,0,0,8,1,-8.3,25,15,16,20,55.8,43,4.86,9.6,0.11
Feb 2012,0,5,0,1,0,8,1,-5,0,5,36.6,22.2,59.2,8,6.85,11.33,2.38
Mar 2012,0,2,0,14,0,7,2,-1.7,0,0,8.6,28.3,26.1,0,13.75,19.08,8.42
Apr 2012,0,0,0,12,0,6,0,4.4,0,0,32.3,31.7,48.9,0,14.61,20.05,9.16
May 2012,0,0,0,31,2,8,6,11.1,0,0,31,32.8,83.5,0,21.87,26.7,17.05
Jun 2012,0,0,0,30,11,1,2,14.4,0,0,31,40,60.5,0,24.59,29.95,19.22
Jul 2012,0,0,0,31,22,4,10,19.4,0,0,17.5,40.6,71.3,0,28.88,33.95,23.81
Aug 2012,0,0,0,31,15,4,2,18.9,0,0,15,36.7,70.7,0,27.21,31.96,22.45
Sep 2012,0,0,0,30,3,6,4,11.7,0,0,41.7,35,109,0,22.34,27.07,17.6
Oct 2012,0,0,0,17,0,10,0,5,0,0,97.8,28.9,147.8,0,16.09,20.52,11.66
Dec 2012,0,5,0,2,0,13,0,-1.7,0,5,36.1,22.2,77.2,5,7.42,11.29,3.55
Jan 2013,0,14,4,1,0,8,0,-9.4,0,10,21.8,22.2,64.5,23,4.6,8.58,0.61
Feb 2013,0,13,0,0,0,7,0,-7.8,0,5,15.7,15.6,42.4,10,3.52,7.29,-0.24
Mar 2013,0,7,0,0,0,4,0,-2.2,25,36,26.2,17.2,71.2,41,6.57,10.83,2.3
Apr 2013,0,1,0,13,1,2,0,-0.5,0,0,34.8,32.8,70.1,0,14.94,20.5,9.37
May 2013,0,0,0,19,3,6,1,5.6,0,0,34,32.8,71.6,0,19.25,24.35,14.15
Jun 2013,0,0,0,30,6,7,4,15,0,0,72.6,34.4,253.2,0,24.71,29.1,20.32
Jul 2013,0,0,0,31,11,1,4,18.3,0,0,35.3,36.1,112.4,0,27.36,31.26,23.45
Aug 2013,0,0,0,31,6,2,1,15.6,0,0,11.2,34.4,34.2,0,25.04,29.3,20.79
Sep 2013,0,0,0,29,6,1,2,10.6,0,0,22.1,34.4,31.1,0,21.84,27.19,16.49
Oct 2013,0,0,0,11,2,4,0,1.7,0,0,70.1,32.8,158.8,0,16.9,21.4,12.39
Nov 2013,0,8,0,3,0,3,0,-4.3,0,0,37.1,22.8,74.2,0,8.14,12.64,3.63
Dec 2013,0,15,0,2,0,6,0,-5.5,0,23,33.3,22.2,140.5,38,5.74,9.91,1.57
Feb 2014,0,18,2,0,0,4,0,-9.9,150,150,40.9,20.6,102.2,285,3.27,7.73,-1.19
Mar 2014,0,16,1,3,0,1,0,-9.9,180,99,26.7,22.8,108.2,323,6.06,11.2,0.91
Apr 2014,0,0,0,11,0,4,0,1.1,0,0,68.6,29.4,164.3,0,14.08,19.56,8.6
May 2014,0,0,0,25,2,5,2,9.4,0,0,57.2,33.3,126.3,0,20.25,25.53,14.97
Jun 2014,0,0,0,30,4,2,2,14.4,0,0,20.3,36.1,84.1,0,25.13,29.8,20.46
Aug 2014,0,0,0,31,3,1,4,16.7,0,0,40.6,35.6,86.2,0,25.37,29.81,20.94
Sep 2014,0,0,0,29,6,2,3,12.2,0,0,16.3,35,28.1,0,23.24,27.69,18.79
Oct 2014,0,0,0,20,0,8,2,6.7,0,0,36.6,27.8,88.7,0,17.16,21.71,12.62
Nov 2014,0,5,0,2,0,7,0,-5.5,0,0,26.9,23.3,67.2,0,8.87,13.33,4.4
Dec 2014,0,4,0,1,0,11,0,-1.6,0,0,22.4,21.1,89.1,0,6.52,9.89,3.15
Jan 2015,0,21,4,0,0,9,0,-11,50,61,19.1,19.4,94.8,92,2.04,5.92,-1.85
Feb 2015,0,24,7,0,0,7,0,-14.9,130,74,17.8,20,42.7,251,-0.9,3.95,-5.75
Mar 2015,0,8,1,3,0,10,2,-9.3,130,122,22.1,25,102.6,125,7.39,12.5,2.28
Apr 2015,0,0,0,15,0,8,3,3.9,0,0,19.6,28.9,86.8,0,15.21,20.76,9.66
May 2015,0,0,0,29,7,7,6,10.6,0,0,19.3,33.3,48.9,0,22.9,28.15,17.65
Jun 2015,0,0,0,28,12,15,11,15,0,0,69.9,35.6,303.4,0,25.61,30.06,21.17
Jul 2015,0,0,0,31,14,7,6,18.9,0,0,33,36.7,127.4,0,27.48,31.71,23.25
Aug 2015,0,0,0,31,12,4,2,17.2,0,0,10.4,35.6,29.4,0,26.26,31.11,21.41
Sep 2015,0,0,0,30,7,6,1,12.8,0,0,41.9,35.6,54.6,0,23.82,28.62,19.02
Oct 2015,0,0,0,14,0,8,1,2.8,0,0,24.4,26.1,77.3,0,14.92,19.68,10.17
Nov 2015,0,1,0,6,0,12,0,0,0,0,16,26.7,53.4,0,12.04,16.69,7.4
Dec 2015,0,2,0,3,0,21,0,-1,0,0,42.4,21.7,123,0,10.66,14.9,6.43
Jan 2016,0,23,5,0,0,13,0,-9.3,460,287,24.6,16.7,68.1,478,1.67,5.87,-2.53
Feb 2016,0,15,5,0,0,10,1,-10.5,50,71,27.9,18.3,96.2,79,4.41,8.67,0.14
Mar 2016,0,3,0,10,0,8,0,-1.6,0,8,8.1,26.1,29.5,8,11.96,17.26,6.66
Apr 2016,0,3,0,14,0,9,0,-1,0,0,17.8,30,52.2,0,13.82,19.44,8.19
May 2016,0,0,0,16,0,18,3,7.2,0,0,31.5,31.1,143.6,0,17.71,21.81,13.62
Jun 2016,0,0,0,30,5,9,5,11.7,0,0,25.1,35.6,93.5,0,24.57,29.56,19.58
Jul 2016,0,0,0,31,23,8,11,17.8,0,0,11.7,37.8,79.7,0,28.18,32.88,23.48
Aug 2016,0,0,0,31,23,4,3,19.4,0,0,29.5,38.3,70.9,0,28.18,33.18,23.19
Sep 2016,0,0,0,29,7,6,4,15,0,0,25.9,36.7,63.5,0,24.44,28.56,20.32
Oct 2016,0,0,0,17,0,7,2,5,0,0,6.6,30.6,22.9,0,17.26,21.94,12.59
Nov 2016,0,1,0,5,0,5,1,0,0,0,9.7,28.3,19.3,0,11.42,16.66,6.18
Dec 2016,0,12,1,0,0,9,0,-8.2,0,0,26.2,20,66.5,0,5.46,9.57,1.35
Jan 2017,0,8,3,1,0,14,0,-9.3,30,25,21.8,22.2,70,35,5.65,9.2,2.11
Feb 2017,0,8,0,6,0,3,2,-4.9,0,0,8.6,25,17.3,0,8.74,14.23,3.24
Mar 2017,0,12,0,6,0,10,0,-5.5,50,28,24.4,26.7,81.2,51,8.47,13.62,3.31
Apr 2017,0,0,0,19,1,11,5,3.9,0,0,39.9,32.8,66.6,0,17.67,22.74,12.6
May 2017,0,0,0,19,2,14,9,7.8,0,0,44.5,33.9,141.1,0,18.59,23.25,13.94
Jun 2017,0,0,0,29,8,4,3,13.3,0,0,13.5,35,28.7,0,25.17,30.22,20.12
Jul 2017,0,0,0,31,20,9,11,17.2,0,0,84.1,36.7,232.4,0,27.61,32.2,23.01
Aug 2017,0,0,0,30,9,11,8,16.7,0,0,37.3,33.3,116.4,0,25.23,29.24,21.22
Sep 2017,0,0,0,29,3,7,1,11.7,0,0,19.6,33.3,36.4,0,22.51,27.13,17.88
Oct 2017,0,0,0,23,0,10,2,6.1,0,0,24.6,30,51.2,0,18.28,23.15,13.41
Nov 2017,0,5,0,4,0,7,2,-3.2,0,0,27.2,25.6,51,0,9.9,14.75,5.04
Dec 2017,0,16,4,0,0,7,0,-8.8,50,38,4.6,18.3,12.9,48,4,7.94,0.07
Jan 2018,0,23,8,0,0,9,0,-13.2,30,20,9.4,20,23.9,30,2.09,7.07,-2.89
Feb 2018,0,6,0,3,0,14,1,-8.2,0,5,28.4,27.8,121.7,5,7.41,12,2.82
Mar 2018,0,8,0,2,0,7,0,-0.5,50,104,22.1,25.6,48.8,114,6.46,11.06,1.85
Apr 2018,0,0,0,8,0,8,2,1.1,0,0,47.8,30,91.3,0,12.73,18.15,7.32
May 2018,0,0,0,29,4,14,12,9.4,0,0,37.8,32.8,221.7,0,22.45,27.47,17.42
Jun 2018,0,0,0,29,6,9,11,13.3,0,0,41.9,35,132.3,0,24.54,29.19,19.9
Jul 2018,0,0,0,31,12,9,9,17.8,0,0,101.6,36.7,247.2,0,27.04,31.4,22.67
Aug 2018,0,0,0,31,17,10,15,17.2,0,0,62.5,34.4,131.9,0,27.23,31.56,22.9
Sep 2018,0,0,0,27,5,20,9,15,0,0,73.4,35,247.2,0,24.15,27.66,20.63
Oct 2018,0,0,0,15,1,9,1,3.3,0,0,38.4,32.2,77.8,0,16.98,21.11,12.85
Nov 2018,0,6,0,2,0,11,0,-2.1,0,36,36.6,24.4,192.4,36,8.08,11.67,4.49
Dec 2018,0,8,0,0,0,11,0,-3.2,0,0,64.8,19.4,147.8,0,6.37,10.05,2.7
Jan 2019,0,18,3,0,0,12,0,-12.1,250,211,26.2,17.8,83.8,293,2.91,6.82,-0.99
Feb 2019,0,10,1,1,0,14,0,-7.7,50,66,23.9,23.3,89.5,94,5.69,10,1.38
Mar 2019,0,5,0,4,0,8,1,-5.5,0,8,49.8,26.1,101.7,8,8.22,13.02,3.42
Apr 2019,0,0,0,23,0,9,6,1.1,0,0,18.3,28.9,57.1,0,16.86,22.32,11.4
May 2019,0,0,0,27,5,10,12,10,0,0,16.5,33.9,126.3,0,21.65,26.36,16.93
Jun 2019,0,0,0,30,9,7,14,12.2,0,0,29.5,35.6,108.5,0,24.63,29.55,19.72
Jul 2019,0,0,0,31,22,7,12,18.3,0,0,87.4,37.2,165.1,0,27.82,32.71,22.94
Aug 2019,0,0,0,31,16,5,15,17.8,0,0,22.9,36.7,50.6,0,26.7,31.54,21.87
Sep 2019,0,0,0,30,9,2,4,12.8,0,0,3.6,36.7,6.5,0,24.74,29.85,19.62
Oct 2019,0,0,0,16,1,7,1,6.7,0,0,40.6,36.7,169.1,0,17.85,22.42,13.28
Nov 2019,0,4,0,0,0,5,0,-3.2,0,0,10.7,20.6,34.9,0,7.83,12.17,3.48
Dec 2019,0,10,0,0,0,17,0,-5.5,0,8,19,19.4,83.3,11,5.65,9.66,1.64
Jan 2020,0,13,0,2,0,8,0,-4.9,0,5,31.2,22.2,71,5,5.8,9.91,1.68
Feb 2020,0,12,0,0,0,11,1,-5.5,0,0,20.1,18.3,81.6,0,6.6,11.07,2.12
Mar 2020,0,1,0,8,0,13,1,-3.2,0,0,11.7,28.3,58.7,0,11.76,16.7,6.82
Apr 2020,0,0,0,7,0,13,3,2.8,0,0,59.2,27.2,160.1,0,12.93,17.98,7.87
May 2020,0,0,0,18,0,11,1,2.8,0,0,23.6,30.6,63.2,0,17.65,22.41,12.89
Jun 2020,0,0,0,30,9,8,10,12.2,0,0,32,33.9,89.1,0,24.98,29.64,20.33
Jul 2020,0,0,0,31,28,9,10,21.7,0,0,51.8,37.2,165.3,0,28.82,33.74,23.9
Aug 2020,0,0,0,31,7,13,12,18.9,0,0,63,33.9,221.9,0,26.45,30.55,22.34
Sep 2020,0,0,0,26,2,12,2,7.8,0,0,73.2,32.8,140.8,0,21.22,25.54,16.89
Oct 2020,0,0,0,19,0,14,0,5,0,0,57.4,27.2,123.5,0,16.59,21.03,12.16
Nov 2020,0,1,0,7,0,12,1,0,0,0,60.7,24.4,156,0,12.4,17.33,7.47
Dec 2020,0,15,0,0,0,12,0,-4.9,0,0,33,18.9,126.1,0,5.25,9.2,1.3
Jan 2021,0,15,0,0,0,11,0,-4.3,0,58,20.6,14.4,49.1,66,3.69,7.49,-0.12
Feb 2021,0,20,3,0,0,16,0,-3.8,50,18,21.3,15.6,118.2,72,3.23,6.68,-0.21
Mar 2021,0,8,0,7,0,8,0,-2.1,0,0,42.9,28.9,96.6,0,10.67,16.09,5.25
Apr 2021,0,1,0,12,0,8,2,-0.5,0,0,15.5,31.1,55.9,0,14.54,20.41,8.68
May 2021,0,0,0,23,4,6,4,6.7,0,0,29.5,34.4,95.8,0,18.92,24.69,13.15
Jun 2021,0,0,0,30,7,8,8,13.9,0,0,46.5,35,140.1,0,24.77,29.43,20.1
Jul 2021,0,0,0,31,19,4,8,17.2,0,0,32.3,36.1,107.7,0,27.14,31.93,22.35
Aug 2021,0,0,0,31,16,10,13,18.9,0,0,60.5,35.6,230.3,0,27.15,31.66,22.63
Sep 2021,0,0,0,30,2,8,6,12.2,0,0,34,32.2,102.5,0,22.89,27.6,18.18
Oct 2021,0,0,0,23,0,13,1,8.3,0,0,39.4,28.3,83,0,19.05,23.35,14.75
Nov 2021,0,2,0,4,0,2,0,-1,0,0,16.3,23.3,24.9,0,8.83,13.89,3.77
Dec 2021,0,6,0,2,0,6,0,-2.1,0,0,4.1,21.1,16.1,0,8.66,13.15,4.16
Jan 2022,0,26,3,0,0,10,0,-8.8,180,175,25.1,18.9,93.4,312,1.48,5.55,-2.59
Feb 2022,0,15,0,2,0,8,0,-6,0,0,27.4,25,59.3,0,5.95,11.76,0.14
Mar 2022,0,8,0,9,0,8,1,-6,0,23,21.8,26.7,70.3,23,10.25,15.82,4.69
Apr 2022,0,0,0,10,0,5,3,3.9,0,0,23.1,30,96.9,0,13.86,19.2,8.52
May 2022,0,0,0,25,2,12,8,6.1,0,0,38.1,35.6,161.7,0,19.87,24.68,15.07
Jun 2022,0,0,0,30,5,6,7,14.4,0,0,42.2,37.2,75.3,0,24.43,29.29,19.57
Jul 2022,0,0,0,31,14,6,9,18.9,0,0,102.9,35.6,193.5,0,27.26,31.58,22.94
Aug 2022,0,0,0,31,15,7,9,17.8,0,0,23.6,36.1,61.6,0,26.9,31.76,22.05
Sep 2022,0,0,0,29,2,6,2,10.6,0,0,21.8,32.8,57.6,0,22.62,27.56,17.69
Oct 2022,0,0,0,10,0,12,0,3.3,0,0,14.5,27.2,70.7,0,14.54,19.5,9.57
Nov 2022,0,5,0,10,0,11,0,-3.2,0,0,31,27.2,67.3,0,11.43,16.29,6.56
Dec 2022,0,16,1,0,0,10,1,-12.7,0,0,47.8,18.3,98.2,0,4.52,9.15,-0.1
Jan 2023,0,7,0,0,0,15,0,-1.6,0,0,14.2,20.6,42,0,7.31,11.41,3.21
Feb 2023,0,6,0,1,0,7,0,-8.8,0,10,20.6,27.2,53,10,8.19,13.39,2.99
Mar 2023,0,2,0,3,0,9,1,-1.6,0,0,18.3,28.9,40.6,0,9.51,14.62,4.4
Apr 2023,0,0,0,18,0,7,5,4.4,0,0,38.9,31.1,90.6,0,16.73,22.72,10.74
May 2023,0,0,0,26,0,7,1,8.3,0,0,21.8,29.4,34.1,0,18.34,23.76,12.91
Jun 2023,0,0,0,29,4,6,5,14.4,0,0,21.1,34.4,53.3,0,23.36,28.74,17.98
Jul 2023,0,0,0,31,15,13,18,20.6,0,0,33.8,36.1,164.2,0,27.56,32.28,22.83
Sep 2023,0,0,0,27,6,7,5,12.8,0,0,34.5,37.2,91.6,0,22.99,27.58,18.39
